id,subject-matter-expert,topic
rec_cobh2b4jmvif9dac1i3g,rec_cobdfd4jmvif9dabl0i0,rec_cobdesq5ojbselbdqr2g
rec_cobh2i5bjt595h63l27g,rec_cobdfd4jmvif9dabl140,rec_cobdesq5ojbselbdqr50
rec_cobh2msjmvif9dac1i40,rec_cobdfd4jmvif9dabl140,rec_cobdesq5ojbselbdqr40
rec_cobh2t5bjt595h63l280,rec_cobdfd4jmvif9dabl0i0,rec_cobdesq5ojbselbdqr60
rec_cobh33cjmvif9dac1i50,rec_cobdfd4jmvif9dabl100,rec_cobdesq5ojbselbdqrbg
rec_cobh36kjmvif9dac1i5g,rec_cobdfd4jmvif9dabl100,rec_cobdesq5ojbselbdqr40
rec_cocbntrtoib24jp051pg,rec_cobdfd4jmvif9dabl140,rec_cobdesq5ojbselbdqrag
rec_cocboav7gom81e15fgcg,rec_cobdfd4jmvif9dabl100,rec_cobdesq5ojbselbdqrag
rec_cocbqhrtoib24jp051qg,rec_cobdfd4jmvif9dabl0mg,rec_cobdesq5ojbselbdqrag
rec_cocbrfutp0ni9u4cn00g,rec_cobdfd4jmvif9dabl0ig,rec_cobdesq5ojbselbdqrag
rec_cocrhr523jsre5gha820,rec_cobdfd4jmvif9dabl170,rec_cobdesq5ojbselbdqrig
rec_cocrhr523jsre5gha82g,rec_cobdfd4jmvif9dabl170,rec_cobdesq5ojbselbdqrj0
rec_cocrhr523jsre5gha830,rec_cobdfd4jmvif9dabl1i0,rec_cobdet25ojbselbdqru0
rec_cocrhr523jsre5gha83g,rec_cobdfd4jmvif9dabl0r0,rec_cobdesq5ojbselbdqr7g
rec_cocrhr523jsre5gha840,rec_cobdfd4jmvif9dabl0tg,rec_cobdesq5ojbselbdqr8g
rec_cocrhr523jsre5gha84g,rec_cobdfd4jmvif9dabl0h0,rec_cobdesq5ojbselbdqr90
rec_cocrhr523jsre5gha850,rec_cobdfd4jmvif9dabl1k0,rec_cobdesq5ojbselbdqrcg
rec_cocrhr523jsre5gha85g,rec_cobdfd4jmvif9dabl1m0,rec_cobdesq5ojbselbdqri0
rec_cocrhr523jsre5gha860,rec_cobdfd4jmvif9dabl100,rec_cobdesq5ojbselbdqr2g
rec_cocrhr523jsre5gha86g,rec_cobdfd4jmvif9dabl100,rec_cobdesq5ojbselbdqra0
rec_cocrhr523jsre5gha870,rec_cobdfd4jmvif9dabl100,rec_cobdesq5ojbselbdqrbg
rec_cocrhr523jsre5gha87g,rec_cobdfd4jmvif9dabl0ng,rec_cobdesq5ojbselbdqr5g
rec_cocrhr523jsre5gha880,rec_cobdfd4jmvif9dabl0j0,rec_cobdesq5ojbselbdqr30
rec_cocrhr523jsre5gha88g,rec_cobdfd4jmvif9dabl0l0,rec_cobdesq5ojbselbdqrkg
rec_cocrhr523jsre5gha890,rec_cobdfd4jmvif9dabl1e0,rec_cobdesq5ojbselbdqrig
rec_cocrhr523jsre5gha89g,rec_cobdfd4jmvif9dabl0k0,rec_cobdet25ojbselbdqrq0
rec_cocrhr523jsre5gha8a0,rec_cobdfd4jmvif9dabl110,rec_cobdet25ojbselbdqrpg
rec_cocrhr523jsre5gha8ag,rec_cobdfd4jmvif9dabl0m0,rec_cobdesq5ojbselbdqrl0
rec_cocrhr523jsre5gha8b0,rec_cobdfd4jmvif9dabl140,rec_cobdesq5ojbselbdqr2g
rec_cocrhr523jsre5gha8bg,rec_cobdfd4jmvif9dabl140,rec_cobdesq5ojbselbdqr50
rec_cocrhr523jsre5gha8c0,rec_cobdfd4jmvif9dabl140,rec_cobdesq5ojbselbdqrl0
rec_cocrhr523jsre5gha8cg,rec_cobdfd4jmvif9dabl140,rec_cobdesq5ojbselbdqr60
rec_cocrhr523jsre5gha8d0,rec_cobdfd4jmvif9dabl140,rec_cobdesq5ojbselbdqr80
rec_cocrhr523jsre5gha8dg,rec_cobdfd4jmvif9dabl140,rec_cobdesq5ojbselbdqra0
rec_cocrhr523jsre5gha8e0,rec_cobdfd4jmvif9dabl140,rec_cobdesq5ojbselbdqrk0
rec_cocrhr523jsre5gha8eg,rec_cobdfd4jmvif9dabl140,rec_cobdesq5ojbselbdqrbg
rec_cocrhr523jsre5gha8f0,rec_cobdfd4jmvif9dabl140,rec_cobdet25ojbselbdqrq0
rec_cocrhr523jsre5gha8fg,rec_cobdfd4jmvif9dabl130,rec_cobdesq5ojbselbdqrkg
rec_cocrhr523jsre5gha8g0,rec_cobdfd4jmvif9dabl190,rec_cobdesq5ojbselbdqr5g
rec_cocrhr523jsre5gha8gg,rec_cobdfd4jmvif9dabl18g,rec_cobdesq5ojbselbdqr9g
rec_cocrhr523jsre5gha8h0,rec_cobdfd4jmvif9dabl1og,rec_cobdesq5ojbselbdqrn0
rec_cocrhr523jsre5gha8hg,rec_cobdfd4jmvif9dabl1gg,rec_cobdesq5ojbselbdqr40
rec_cocrhr523jsre5gha8ig,rec_cobdfd4jmvif9dabl17g,rec_cobdet25ojbselbdqrqg
rec_cocrhr523jsre5gha8j0,rec_cobdfd4jmvif9dabl0og,rec_cobdesq5ojbselbdqrbg
rec_cocrhr523jsre5gha8jg,rec_cobdfd4jmvif9dabl0pg,rec_cobdesq5ojbselbdqrk0
rec_cocrhr523jsre5gha8k0,rec_cobdfd4jmvif9dabl0pg,rec_cobdet25ojbselbdqrpg
rec_cocrhr523jsre5gha8kg,rec_cobdfd4jmvif9dabl0pg,rec_cobdesq5ojbselbdqrcg
rec_cocrhr523jsre5gha8l0,rec_cobdfd4jmvif9dabl1bg,rec_cobdesq5ojbselbdqrfg
rec_cocrhr523jsre5gha8lg,rec_cobdfd4jmvif9dabl1ag,rec_cobdesq5ojbselbdqr8g
rec_cocrhr523jsre5gha8m0,rec_cobdfd4jmvif9dabl1b0,rec_cobdesq5ojbselbdqrhg
rec_cocrhr523jsre5gha8mg,rec_cobdfd4jmvif9dabl1eg,rec_cobdesq5ojbselbdqr5g
rec_cocrhr523jsre5gha8n0,rec_cobdfd4jmvif9dabl0i0,rec_cobdesq5ojbselbdqr50
rec_cocrhr523jsre5gha8ng,rec_cobdfd4jmvif9dabl0i0,rec_cobdesq5ojbselbdqr2g
rec_cocrhr523jsre5gha8o0,rec_cobdfd4jmvif9dabl0i0,rec_cobdesq5ojbselbdqra0
rec_cocrhr523jsre5gha8og,rec_cobdfd4jmvif9dabl0n0,rec_cobdesq5ojbselbdqrag
rec_cocrhr523jsre5gha8p0,rec_cobdfd4jmvif9dabl0qg,rec_cobdesq5ojbselbdqr30
rec_cocrhr523jsre5gha8pg,rec_cobdfd4jmvif9dabl0ug,rec_cobdesq5ojbselbdqrb0
rec_cocrhr523jsre5gha8q0,rec_cobdfd4jmvif9dabl15g,rec_cobdesq5ojbselbdqr30
rec_cocrhr523jsre5gha8qg,rec_cobdfd4jmvif9dabl15g,rec_cobdet25ojbselbdqrog
rec_cocrhr523jsre5gha8r0,rec_cobdfd4jmvif9dabl15g,rec_cobdesq5ojbselbdqrng
rec_cocrhr523jsre5gha8rg,rec_cobdfd4jmvif9dabl0vg,rec_cobdesq5ojbselbdqrm0
rec_cocrhr523jsre5gha8s0,rec_cobdfd4jmvif9dabl0kg,rec_cobdesq5ojbselbdqrb0
rec_cocrhr523jsre5gha8sg,rec_cobdfd4jmvif9dabl1d0,rec_cobdet25ojbselbdqrv0
rec_cocrhr523jsre5gha8t0,rec_cobdfd4jmvif9dabl0g0,rec_cobdesq5ojbselbdqrig
rec_cocrhr523jsre5gha8tg,rec_cobdfd4jmvif9dabl1o0,rec_cobdesq5ojbselbdqrl0
rec_cocrhr523jsre5gha8u0,rec_cobdfd4jmvif9dabl0jg,rec_cobdesq5ojbselbdqrkg
rec_cocrhr523jsre5gha8ug,rec_cobdfd4jmvif9dabl0rg,rec_cobdesq5ojbselbdqrmg
rec_cocrhr523jsre5gha8v0,rec_cobdfd4jmvif9dabl150,rec_cobdesq5ojbselbdqrk0
rec_cocrhr523jsre5gha8vg,rec_coetr98fv7n3a6lu1e30,rec_cobdesq5ojbselbdqrag
rec_cocrhr523jsre5gha900,rec_cobdfd4jmvif9dabl1fg,rec_cobdesq5ojbselbdqr8g
rec_cocrhr523jsre5gha90g,rec_cobdfd4jmvif9dabl0t0,rec_cobdesq5ojbselbdqrfg
rec_cocrhr523jsre5gha910,rec_cobdfd4jmvif9dabl0t0,rec_cobdet25ojbselbdqrpg
rec_cocrhr523jsre5gha91g,rec_cobdfd4jmvif9dabl1dg,rec_cobdesq5ojbselbdqrag
rec_cocrhr523jsre5gha920,rec_cobdfd4jmvif9dabl0lg,rec_cobdesq5ojbselbdqrmg
rec_cocrhr523jsre5gha92g,rec_cobdfd4jmvif9dabl0sg,rec_cobdesq5ojbselbdqrfg
rec_cocrhr523jsre5gha930,rec_cobdfd4jmvif9dabl1mg,rec_cobdesq5ojbselbdqr4g
rec_cocrhr523jsre5gha93g,rec_cobdfd4jmvif9dabl1mg,rec_cobdesq5ojbselbdqrjg
rec_cocrhr523jsre5gha940,rec_cobdfd4jmvif9dabl180,rec_cobdesq5ojbselbdqr40
rec_cocrhr523jsre5gha94g,rec_cobdfd4jmvif9dabl1ig,rec_cobdet25ojbselbdqrvg
rec_cocrhr523jsre5gha950,rec_cobdfd4jmvif9dabl1hg,rec_cobdet25ojbselbdqru0
rec_cocrhr523jsre5gha95g,rec_cobdfd4jmvif9dabl1g0,rec_cobdesq5ojbselbdqrn0
rec_cocrhr523jsre5gha960,rec_cobdfd4jmvif9dabl0hg,rec_cobdesq5ojbselbdqr4g
rec_cocrhr523jsre5gha96g,rec_cobdfd4jmvif9dabl0u0,rec_cobdesq5ojbselbdqrhg
rec_cocrhr523jsre5gha970,rec_cobdfd4jmvif9dabl0p0,rec_cobdesq5ojbselbdqrm0
rec_cocrhr523jsre5gha97g,rec_cobdfd4jmvif9dabl19g,rec_cobdesq5ojbselbdqrcg
rec_cocrhr523jsre5gha980,rec_cobdfd4jmvif9dabl19g,rec_cobdesq5ojbselbdqrl0
rec_cocrhr523jsre5gha98g,rec_cobdfd4jmvif9dabl1a0,rec_cobdet25ojbselbdqrq0
rec_cocrhr523jsre5gha990,rec_cobdfd4jmvif9dabl0s0,rec_cobdesq5ojbselbdqr7g
rec_cocrhr523jsre5gha99g,rec_cobdfd4jmvif9dabl0v0,rec_cobdesq5ojbselbdqrdg
rec_cocrhr523jsre5gha9a0,rec_cobdfd4jmvif9dabl1kg,rec_cobdesq5ojbselbdqr90
rec_cocrhr523jsre5gha9ag,rec_cobdfd4jmvif9dabl1h0,rec_cobdesq5ojbselbdqrbg
rec_cp1qhff6gfslia6uoe2g,rec_cobdfd4jmvif9dabl120,rec_cp1qh7nvvv266bunkd0g
rec_cp2a5g34f9p514bqbbbg,rec_cobdfd4jmvif9dabl140,rec_cobdesq5ojbselbdqr7g
rec_cp2a5g34f9p514bqbbc0,rec_cobdfd4jmvif9dabl140,rec_cobdesq5ojbselbdqr90
rec_cp2a5g34f9p514bqbbcg,rec_cobdfd4jmvif9dabl140,rec_cobdesq5ojbselbdqr5g
rec_cp2a5g34f9p514bqbbd0,rec_cobdfd4jmvif9dabl140,rec_cobdesq5ojbselbdqr8g
rec_cp2a5g34f9p514bqbbdg,rec_cobdfd4jmvif9dabl140,rec_cobdesq5ojbselbdqr70
rec_cp2a5g34f9p514bqbbe0,rec_cobdfd4jmvif9dabl140,rec_cobdesq5ojbselbdqr4g
rec_cp2a5g34f9p514bqbbeg,rec_cobdfd4jmvif9dabl140,rec_cobdesq5ojbselbdqr30
rec_cp2a5g34f9p514bqbbf0,rec_cobdfd4jmvif9dabl140,rec_cobdesq5ojbselbdqrb0
rec_cp2a5g34f9p514bqbbfg,rec_cobdfd4jmvif9dabl140,rec_cobdesq5ojbselbdqrc0
rec_cp2a5g34f9p514bqbbg0,rec_cobdfd4jmvif9dabl140,rec_cobdesq5ojbselbdqrd0
rec_cp2a5g34f9p514bqbbgg,rec_cobdfd4jmvif9dabl140,rec_cobdesq5ojbselbdqr9g
rec_cp2a5g34f9p514bqbbh0,rec_cobdfd4jmvif9dabl140,rec_cobdesq5ojbselbdqrfg
rec_cp2a5g34f9p514bqbbhg,rec_cobdfd4jmvif9dabl140,rec_cobdesq5ojbselbdqreg
rec_cp2a5g34f9p514bqbbi0,rec_cobdfd4jmvif9dabl140,rec_cobdesq5ojbselbdqrf0
rec_cp2a5g34f9p514bqbbig,rec_cobdfd4jmvif9dabl140,rec_cobdesq5ojbselbdqrgg
rec_cp2a5g34f9p514bqbbj0,rec_cobdfd4jmvif9dabl140,rec_cobdesq5ojbselbdqrh0
rec_cp2a5g34f9p514bqbbjg,rec_cobdfd4jmvif9dabl140,rec_cobdesq5ojbselbdqrg0
rec_cp2a5g34f9p514bqbbk0,rec_cobdfd4jmvif9dabl140,rec_cobdesq5ojbselbdqri0
rec_cp2a5g34f9p514bqbbkg,rec_cobdfd4jmvif9dabl140,rec_cobdesq5ojbselbdqrig
rec_cp2a5g34f9p514bqbbl0,rec_cobdfd4jmvif9dabl140,rec_cobdesq5ojbselbdqrdg
rec_cp2a5g34f9p514bqbblg,rec_cobdfd4jmvif9dabl140,rec_cobdesq5ojbselbdqrjg
rec_cp2a5g34f9p514bqbbm0,rec_cobdfd4jmvif9dabl140,rec_cobdesq5ojbselbdqrkg
rec_cp2a5g34f9p514bqbbmg,rec_cobdfd4jmvif9dabl140,rec_cobdesq5ojbselbdqrm0
rec_cp2a5g34f9p514bqbbn0,rec_cobdfd4jmvif9dabl140,rec_cobdesq5ojbselbdqrlg
rec_cp2a5g34f9p514bqbbng,rec_cobdfd4jmvif9dabl140,rec_cobdet25ojbselbdqrog
rec_cp2a5g34f9p514bqbbo0,rec_cobdfd4jmvif9dabl140,rec_cobdesq5ojbselbdqrmg
rec_cp2a5g34f9p514bqbbog,rec_cobdfd4jmvif9dabl140,rec_cobdet25ojbselbdqrqg
rec_cp2a5g76gfslia6usubg,rec_cobdfd4jmvif9dabl140,rec_cobdesq5ojbselbdqr6g
rec_cp2a5g76gfslia6usuc0,rec_cobdfd4jmvif9dabl140,rec_cobdesq5ojbselbdqre0
rec_cp2a5g76gfslia6usucg,rec_cobdfd4jmvif9dabl140,rec_cobdesq5ojbselbdqrhg
rec_cp2a5g76gfslia6usud0,rec_cobdfd4jmvif9dabl140,rec_cobdesq5ojbselbdqrj0
rec_cp2a5g76gfslia6usudg,rec_cobdfd4jmvif9dabl140,rec_cobdesq5ojbselbdqrn0
rec_cp2a5g7vvv266bunm6m0,rec_cobdfd4jmvif9dabl140,rec_cobdesq5ojbselbdqr3g
rec_cp2a5g7vvv266bunm6mg,rec_cobdfd4jmvif9dabl140,rec_cobdesq5ojbselbdqrcg
rec_cp2a5gb4f9p514bqbbp0,rec_cobdfd4jmvif9dabl140,rec_cobdet25ojbselbdqrp0
rec_cp2a5gb4f9p514bqbbpg,rec_cobdfd4jmvif9dabl140,rec_cobdet25ojbselbdqrpg
rec_cp2a5gb4f9p514bqbbq0,rec_cobdfd4jmvif9dabl140,rec_cobdet25ojbselbdqro0
rec_cp2a5gb4f9p514bqbbqg,rec_cobdfd4jmvif9dabl140,rec_cobdet25ojbselbdqrtg
rec_cp2a5gb4f9p514bqbbr0,rec_cobdfd4jmvif9dabl140,rec_cobdet25ojbselbdqrrg
rec_cp2a5gb4f9p514bqbbrg,rec_cobdfd4jmvif9dabl140,rec_cobdet25ojbselbdqrsg
rec_cp2a5gb4f9p514bqbbs0,rec_cobdfd4jmvif9dabl140,rec_cobdet25ojbselbdqrv0
rec_cp2a5gb4f9p514bqbbsg,rec_cobdfd4jmvif9dabl140,rec_cobdet25ojbselbdqrs0
rec_cp2a5gb4f9p514bqbbt0,rec_cobdfd4jmvif9dabl140,rec_cobdet25ojbselbdqrug
rec_cp2a5gb4f9p514bqbbtg,rec_cobdfd4jmvif9dabl140,rec_cobdet25ojbselbdqrr0
rec_cp2a5gb4f9p514bqbbu0,rec_cobdfd4jmvif9dabl140,rec_cobdet25ojbselbdqs0g
rec_cp2a5gb4f9p514bqbbug,rec_cobdfd4jmvif9dabl140,rec_cp1qh7nvvv266bunkd0g
rec_cp2a5gb4f9p514bqbbv0,rec_cobdfd4jmvif9dabl100,rec_cobdesq5ojbselbdqr3g
rec_cp2a5gb4f9p514bqbbvg,rec_cobdfd4jmvif9dabl140,rec_cor0bpooepqha1jsmgpg
rec_cp2a5gb4f9p514bqbc00,rec_cobdfd4jmvif9dabl100,rec_cobdesq5ojbselbdqr50
rec_cp2a5gb4f9p514bqbc0g,rec_cobdfd4jmvif9dabl100,rec_cobdesq5ojbselbdqr5g
rec_cp2a5gb4f9p514bqbc10,rec_cobdfd4jmvif9dabl100,rec_cobdesq5ojbselbdqr4g
rec_cp2a5gb4f9p514bqbc1g,rec_cobdfd4jmvif9dabl100,rec_cobdesq5ojbselbdqr70
rec_cp2a5gb4f9p514bqbc20,rec_cobdfd4jmvif9dabl100,rec_cobdesq5ojbselbdqr7g
rec_cp2a5gb4f9p514bqbc2g,rec_cobdfd4jmvif9dabl100,rec_cobdesq5ojbselbdqr80
rec_cp2a5gb4f9p514bqbc30,rec_cobdfd4jmvif9dabl100,rec_cobdesq5ojbselbdqrb0
rec_cp2a5gb4f9p514bqbc3g,rec_cobdfd4jmvif9dabl100,rec_cobdesq5ojbselbdqrc0
rec_cp2a5gb4f9p514bqbc40,rec_cobdfd4jmvif9dabl100,rec_cobdesq5ojbselbdqrd0
rec_cp2a5gb4f9p514bqbc4g,rec_cobdfd4jmvif9dabl100,rec_cobdesq5ojbselbdqre0
rec_cp2a5gb4f9p514bqbc50,rec_cobdfd4jmvif9dabl100,rec_cobdesq5ojbselbdqrg0
rec_cp2a5gb4f9p514bqbc5g,rec_cobdfd4jmvif9dabl100,rec_cobdesq5ojbselbdqrf0
rec_cp2a5gb4f9p514bqbc60,rec_cobdfd4jmvif9dabl100,rec_cobdesq5ojbselbdqrgg
rec_cp2a5gb4f9p514bqbc6g,rec_cobdfd4jmvif9dabl100,rec_cobdesq5ojbselbdqrhg
rec_cp2a5gb4f9p514bqbc70,rec_cobdfd4jmvif9dabl100,rec_cobdesq5ojbselbdqri0
rec_cp2a5gb4f9p514bqbc7g,rec_cobdfd4jmvif9dabl100,rec_cobdesq5ojbselbdqrj0
rec_cp2a5gb4f9p514bqbc80,rec_cobdfd4jmvif9dabl100,rec_cobdesq5ojbselbdqrn0
rec_cp2a5gb4f9p514bqbc8g,rec_cobdfd4jmvif9dabl100,rec_cobdet25ojbselbdqrog
rec_cp2a5gb4f9p514bqbc90,rec_cobdfd4jmvif9dabl100,rec_cobdet25ojbselbdqrp0
rec_cp2a5gb4f9p514bqbc9g,rec_cobdfd4jmvif9dabl100,rec_cobdet25ojbselbdqrq0
rec_cp2a5gb4f9p514bqbca0,rec_cobdfd4jmvif9dabl100,rec_cobdet25ojbselbdqrr0
rec_cp2a5gb4f9p514bqbcag,rec_cobdfd4jmvif9dabl100,rec_cobdet25ojbselbdqrrg
rec_cp2a5gb4f9p514bqbcb0,rec_cobdfd4jmvif9dabl100,rec_cobdet25ojbselbdqrsg
rec_cp2a5gb4f9p514bqbcbg,rec_cobdfd4jmvif9dabl100,rec_cobdet25ojbselbdqru0
rec_cp2a5gb4f9p514bqbcc0,rec_cobdfd4jmvif9dabl100,rec_cobdet25ojbselbdqrs0
rec_cp2a5gb4f9p514bqbccg,rec_cobdfd4jmvif9dabl100,rec_cobdet25ojbselbdqrtg
rec_cp2a5gb4f9p514bqbcd0,rec_cobdfd4jmvif9dabl100,rec_cobdet25ojbselbdqrvg
rec_cp2a5gb4f9p514bqbcdg,rec_cobdfd4jmvif9dabl100,rec_cobdet25ojbselbdqs0g
rec_cp2a5gb4f9p514bqbce0,rec_cobdfd4jmvif9dabl100,rec_cor05u8oepqha1jsmgo0
rec_cp2a5gb4f9p514bqbceg,rec_cobdfd4jmvif9dabl0i0,rec_cobdesq5ojbselbdqr30
rec_cp2a5gf6gfslia6usue0,rec_cobdfd4jmvif9dabl140,rec_cobdesq5ojbselbdqrng
rec_cp2a5gf6gfslia6usueg,rec_cobdfd4jmvif9dabl140,rec_cobdet25ojbselbdqru0
rec_cp2a5gf6gfslia6usuf0,rec_cobdfd4jmvif9dabl140,rec_cobdet25ojbselbdqrvg
rec_cp2a5gf6gfslia6usufg,rec_cobdfd4jmvif9dabl100,rec_cobdesq5ojbselbdqr30
rec_cp2a5gf6gfslia6usug0,rec_cobdfd4jmvif9dabl100,rec_cobdesq5ojbselbdqr60
rec_cp2a5gf6gfslia6usugg,rec_cobdfd4jmvif9dabl100,rec_cobdesq5ojbselbdqr6g
rec_cp2a5gf6gfslia6usuh0,rec_cobdfd4jmvif9dabl100,rec_cobdesq5ojbselbdqr90
rec_cp2a5gf6gfslia6usuhg,rec_cobdfd4jmvif9dabl100,rec_cobdesq5ojbselbdqr9g
rec_cp2a5gf6gfslia6usui0,rec_cobdfd4jmvif9dabl100,rec_cobdesq5ojbselbdqrdg
rec_cp2a5gf6gfslia6usuig,rec_cobdfd4jmvif9dabl100,rec_cobdesq5ojbselbdqrjg
rec_cp2a5gf6gfslia6usuj0,rec_cobdfd4jmvif9dabl100,rec_cobdesq5ojbselbdqrkg
rec_cp2a5gf6gfslia6usujg,rec_cobdfd4jmvif9dabl100,rec_cobdesq5ojbselbdqrlg
rec_cp2a5gf6gfslia6usuk0,rec_cobdfd4jmvif9dabl100,rec_cobdesq5ojbselbdqrl0
rec_cp2a5gf6gfslia6usukg,rec_cobdfd4jmvif9dabl100,rec_cobdesq5ojbselbdqrmg
rec_cp2a5gf6gfslia6usul0,rec_cobdfd4jmvif9dabl100,rec_cobdet25ojbselbdqro0
rec_cp2a5gf6gfslia6usulg,rec_cobdfd4jmvif9dabl100,rec_cobdesq5ojbselbdqrng
rec_cp2a5gf6gfslia6usum0,rec_cobdfd4jmvif9dabl100,rec_cobdet25ojbselbdqrv0
rec_cp2a5gf6gfslia6usumg,rec_cobdfd4jmvif9dabl100,rec_cobdet25ojbselbdqrug
rec_cp2a5gf6gfslia6usun0,rec_cobdfd4jmvif9dabl100,rec_cobdet25ojbselbdqs00
rec_cp2a5gfvvv266bunm6n0,rec_cobdfd4jmvif9dabl140,rec_cobdet25ojbselbdqrt0
rec_cp2a5gfvvv266bunm6ng,rec_cobdfd4jmvif9dabl140,rec_cobdet25ojbselbdqs00
rec_cp2a5gfvvv266bunm6o0,rec_cobdfd4jmvif9dabl140,rec_cor05u8oepqha1jsmgo0
rec_cp2a5gfvvv266bunm6og,rec_cobdfd4jmvif9dabl100,rec_cobdesq5ojbselbdqr8g
rec_cp2a5gfvvv266bunm6p0,rec_cobdfd4jmvif9dabl100,rec_cobdesq5ojbselbdqrcg
rec_cp2a5gfvvv266bunm6pg,rec_cobdfd4jmvif9dabl100,rec_cobdesq5ojbselbdqreg
rec_cp2a5gfvvv266bunm6q0,rec_cobdfd4jmvif9dabl100,rec_cobdesq5ojbselbdqrfg
rec_cp2a5gfvvv266bunm6qg,rec_cobdfd4jmvif9dabl100,rec_cobdesq5ojbselbdqrh0
rec_cp2a5gfvvv266bunm6r0,rec_cobdfd4jmvif9dabl100,rec_cobdesq5ojbselbdqrig
rec_cp2a5gfvvv266bunm6rg,rec_cobdfd4jmvif9dabl100,rec_cobdesq5ojbselbdqrk0
rec_cp2a5gfvvv266bunm6s0,rec_cobdfd4jmvif9dabl100,rec_cobdesq5ojbselbdqrm0
rec_cp2a5gfvvv266bunm6sg,rec_cobdfd4jmvif9dabl100,rec_cobdet25ojbselbdqrpg
rec_cp2a5gfvvv266bunm6t0,rec_cobdfd4jmvif9dabl100,rec_cobdet25ojbselbdqrqg
rec_cp2a5gfvvv266bunm6tg,rec_cobdfd4jmvif9dabl100,rec_cobdet25ojbselbdqrt0
rec_cp2a5gfvvv266bunm6u0,rec_cobdfd4jmvif9dabl100,rec_cp1qh7nvvv266bunkd0g
rec_cp2a5gj4f9p514bqbcf0,rec_cobdfd4jmvif9dabl0i0,rec_cobdet25ojbselbdqrpg
rec_cp2a5gj4f9p514bqbcfg,rec_cobdfd4jmvif9dabl0i0,rec_cobdet25ojbselbdqrr0
rec_cp2a5gj4f9p514bqbcg0,rec_cobdfd4jmvif9dabl0i0,rec_cobdet25ojbselbdqrqg
rec_cp2a5gj4f9p514bqbcgg,rec_cobdfd4jmvif9dabl0i0,rec_cobdet25ojbselbdqrs0
rec_cp2a5gj4f9p514bqbch0,rec_cobdfd4jmvif9dabl0i0,rec_cobdet25ojbselbdqru0
rec_cp2a5gj4f9p514bqbchg,rec_cobdfd4jmvif9dabl0i0,rec_cobdet25ojbselbdqrvg
rec_cp2a5gj4f9p514bqbci0,rec_cobdfd4jmvif9dabl0i0,rec_cobdet25ojbselbdqs00
rec_cp2a5gj4f9p514bqbcig,rec_cobdfd4jmvif9dabl0i0,rec_cor05u8oepqha1jsmgo0
rec_cp2a5gj4f9p514bqbcj0,rec_cobdfd4jmvif9dabl0i0,rec_cor0bpooepqha1jsmgpg
rec_cp2a5gj4f9p514bqbcjg,rec_cobdfd4jmvif9dabl0i0,rec_cp1qh7nvvv266bunkd0g
rec_cp2a5gj4f9p514bqbck0,rec_cobdfd4jmvif9dabl15g,rec_cobdesq5ojbselbdqr3g
rec_cp2a5gj4f9p514bqbckg,rec_cobdfd4jmvif9dabl15g,rec_cobdesq5ojbselbdqr2g
rec_cp2a5gj4f9p514bqbcl0,rec_cobdfd4jmvif9dabl15g,rec_cobdesq5ojbselbdqr4g
rec_cp2a5gj4f9p514bqbclg,rec_cobdfd4jmvif9dabl15g,rec_cobdesq5ojbselbdqr40
rec_cp2a5gj4f9p514bqbcm0,rec_cobdfd4jmvif9dabl15g,rec_cobdesq5ojbselbdqr50
rec_cp2a5gj4f9p514bqbcmg,rec_cobdfd4jmvif9dabl15g,rec_cobdesq5ojbselbdqr6g
rec_cp2a5gj4f9p514bqbco0,rec_cobdfd4jmvif9dabl15g,rec_cobdesq5ojbselbdqr8g
rec_cp2a5gj4f9p514bqbcog,rec_cobdfd4jmvif9dabl15g,rec_cobdesq5ojbselbdqr90
rec_cp2a5gj4f9p514bqbcp0,rec_cobdfd4jmvif9dabl15g,rec_cobdesq5ojbselbdqrb0
rec_cp2a5gj4f9p514bqbcpg,rec_cobdfd4jmvif9dabl15g,rec_cobdesq5ojbselbdqrbg
rec_cp2a5gj4f9p514bqbcq0,rec_cobdfd4jmvif9dabl15g,rec_cobdesq5ojbselbdqrcg
rec_cp2a5gj4f9p514bqbcqg,rec_cobdfd4jmvif9dabl15g,rec_cobdesq5ojbselbdqrd0
rec_cp2a5gj4f9p514bqbcr0,rec_cobdfd4jmvif9dabl15g,rec_cobdesq5ojbselbdqrdg
rec_cp2a5gj4f9p514bqbcrg,rec_cobdfd4jmvif9dabl15g,rec_cobdesq5ojbselbdqreg
rec_cp2a5gj4f9p514bqbcs0,rec_cobdfd4jmvif9dabl15g,rec_cobdesq5ojbselbdqrfg
rec_cp2a5gj4f9p514bqbcsg,rec_cobdfd4jmvif9dabl15g,rec_cobdesq5ojbselbdqrh0
rec_cp2a5gj4f9p514bqbct0,rec_cobdfd4jmvif9dabl15g,rec_cobdesq5ojbselbdqrhg
rec_cp2a5gj4f9p514bqbctg,rec_cobdfd4jmvif9dabl15g,rec_cobdesq5ojbselbdqrj0
rec_cp2a5gj4f9p514bqbcu0,rec_cobdfd4jmvif9dabl15g,rec_cobdesq5ojbselbdqrjg
rec_cp2a5gj4f9p514bqbcug,rec_cobdfd4jmvif9dabl15g,rec_cobdesq5ojbselbdqrk0
rec_cp2a5gj4f9p514bqbcv0,rec_cobdfd4jmvif9dabl15g,rec_cobdesq5ojbselbdqrig
rec_cp2a5gj4f9p514bqbcvg,rec_cobdfd4jmvif9dabl15g,rec_cobdesq5ojbselbdqrmg
rec_cp2a5gj4f9p514bqbd00,rec_cobdfd4jmvif9dabl15g,rec_cobdesq5ojbselbdqrm0
rec_cp2a5gj4f9p514bqbd0g,rec_cobdfd4jmvif9dabl15g,rec_cobdet25ojbselbdqro0
rec_cp2a5gj4f9p514bqbd10,rec_cobdfd4jmvif9dabl15g,rec_cobdesq5ojbselbdqrn0
rec_cp2a5gj4f9p514bqbd1g,rec_cobdfd4jmvif9dabl15g,rec_cobdet25ojbselbdqrrg
rec_cp2a5gj4f9p514bqbd20,rec_cobdfd4jmvif9dabl15g,rec_cobdet25ojbselbdqrqg
rec_cp2a5gj4f9p514bqbd2g,rec_cobdfd4jmvif9dabl15g,rec_cobdet25ojbselbdqrp0
rec_cp2a5gj4f9p514bqbd30,rec_cobdfd4jmvif9dabl15g,rec_cobdet25ojbselbdqrr0
rec_cp2a5gj4f9p514bqbd3g,rec_cobdfd4jmvif9dabl15g,rec_cobdet25ojbselbdqrt0
rec_cp2a5gj4f9p514bqbd40,rec_cobdfd4jmvif9dabl15g,rec_cobdet25ojbselbdqrtg
rec_cp2a5gj4f9p514bqbd4g,rec_cobdfd4jmvif9dabl15g,rec_cobdet25ojbselbdqru0
rec_cp2a5gj4f9p514bqbd50,rec_cobdfd4jmvif9dabl15g,rec_cobdet25ojbselbdqrvg
rec_cp2a5gj4f9p514bqbd5g,rec_cobdfd4jmvif9dabl15g,rec_cobdet25ojbselbdqrug
rec_cp2a5gj4f9p514bqbd60,rec_cobdfd4jmvif9dabl15g,rec_cor05u8oepqha1jsmgo0
rec_cp2a5gn6gfslia6usung,rec_cobdfd4jmvif9dabl0i0,rec_cobdet25ojbselbdqrq0
rec_cp2a5gn6gfslia6usuo0,rec_cobdfd4jmvif9dabl0i0,rec_cobdet25ojbselbdqrt0
rec_cp2a5gn6gfslia6usuog,rec_cobdfd4jmvif9dabl0i0,rec_cobdet25ojbselbdqrtg
rec_cp2a5gn6gfslia6usup0,rec_cobdfd4jmvif9dabl0i0,rec_cobdet25ojbselbdqrv0
rec_cp2a5gn6gfslia6usupg,rec_cobdfd4jmvif9dabl0i0,rec_cobdet25ojbselbdqrug
rec_cp2a5gn6gfslia6usuq0,rec_cobdfd4jmvif9dabl15g,rec_cobdesq5ojbselbdqr5g
rec_cp2a5gn6gfslia6usuqg,rec_cobdfd4jmvif9dabl15g,rec_cobdesq5ojbselbdqra0
rec_cp2a5gn6gfslia6usur0,rec_cobdfd4jmvif9dabl15g,rec_cobdesq5ojbselbdqrc0
rec_cp2a5gn6gfslia6usurg,rec_cobdfd4jmvif9dabl15g,rec_cobdesq5ojbselbdqre0
rec_cp2a5gn6gfslia6usus0,rec_cobdfd4jmvif9dabl15g,rec_cobdesq5ojbselbdqrf0
rec_cp2a5gn6gfslia6ususg,rec_cobdfd4jmvif9dabl15g,rec_cobdesq5ojbselbdqrgg
rec_cp2a5gn6gfslia6usut0,rec_cobdfd4jmvif9dabl15g,rec_cobdesq5ojbselbdqrlg
rec_cp2a5gn6gfslia6usutg,rec_cobdfd4jmvif9dabl15g,rec_cobdesq5ojbselbdqrl0
rec_cp2a5gn6gfslia6usuu0,rec_cobdfd4jmvif9dabl15g,rec_cobdet25ojbselbdqrq0
rec_cp2a5gn6gfslia6usuug,rec_cobdfd4jmvif9dabl15g,rec_cobdet25ojbselbdqrs0
rec_cp2a5gn6gfslia6usuv0,rec_cobdfd4jmvif9dabl15g,rec_cobdet25ojbselbdqrsg
rec_cp2a5gnvvv266bunm6ug,rec_cobdfd4jmvif9dabl0i0,rec_cobdet25ojbselbdqrog
rec_cp2a5gnvvv266bunm6v0,rec_cobdfd4jmvif9dabl0i0,rec_cobdet25ojbselbdqrrg
rec_cp2a5gnvvv266bunm6vg,rec_cobdfd4jmvif9dabl0i0,rec_cobdet25ojbselbdqrsg
rec_cp2a5gnvvv266bunm700,rec_cobdfd4jmvif9dabl0i0,rec_cobdet25ojbselbdqs0g
rec_cp2a5gnvvv266bunm70g,rec_cobdfd4jmvif9dabl15g,rec_cobdesq5ojbselbdqr60
rec_cp2a5gnvvv266bunm71g,rec_cobdfd4jmvif9dabl15g,rec_cobdesq5ojbselbdqr9g
rec_cp2a5gnvvv266bunm720,rec_cobdfd4jmvif9dabl15g,rec_cobdesq5ojbselbdqrag
rec_cp2a5gnvvv266bunm72g,rec_cobdfd4jmvif9dabl15g,rec_cobdesq5ojbselbdqrg0
rec_cp2a5gnvvv266bunm730,rec_cobdfd4jmvif9dabl15g,rec_cobdesq5ojbselbdqri0
rec_cp2a5gnvvv266bunm73g,rec_cobdfd4jmvif9dabl15g,rec_cobdesq5ojbselbdqrkg
rec_cp2a5gnvvv266bunm740,rec_cobdfd4jmvif9dabl15g,rec_cobdet25ojbselbdqrpg
rec_cp2a5gr4f9p514bqbd6g,rec_cobdfd4jmvif9dabl0pg,rec_cobdet25ojbselbdqrq0
rec_cp2a5gr4f9p514bqbd70,rec_cobdfd4jmvif9dabl0pg,rec_cobdet25ojbselbdqrt0
rec_cp2a5gr4f9p514bqbd7g,rec_cobdfd4jmvif9dabl0pg,rec_cobdet25ojbselbdqrs0
rec_cp2a5gr4f9p514bqbd80,rec_cobdfd4jmvif9dabl0pg,rec_cobdet25ojbselbdqrqg
rec_cp2a5gr4f9p514bqbd8g,rec_cobdfd4jmvif9dabl0pg,rec_cobdet25ojbselbdqrsg
rec_cp2a5gr4f9p514bqbd90,rec_cobdfd4jmvif9dabl0pg,rec_cobdet25ojbselbdqrtg
rec_cp2a5gr4f9p514bqbd9g,rec_cobdfd4jmvif9dabl0pg,rec_cobdet25ojbselbdqrrg
rec_cp2a5gr4f9p514bqbda0,rec_cobdfd4jmvif9dabl0pg,rec_cobdet25ojbselbdqrv0
rec_cp2a5gr4f9p514bqbdag,rec_cobdfd4jmvif9dabl0pg,rec_cobdet25ojbselbdqrvg
rec_cp2a5gr4f9p514bqbdb0,rec_cobdfd4jmvif9dabl19g,rec_cobdesq5ojbselbdqr4g
rec_cp2a5gr4f9p514bqbdc0,rec_cobdfd4jmvif9dabl0pg,rec_cor0bpooepqha1jsmgpg
rec_cp2a5gr4f9p514bqbdcg,rec_cobdfd4jmvif9dabl0pg,rec_cobdet25ojbselbdqs0g
rec_cp2a5gr4f9p514bqbdd0,rec_cobdfd4jmvif9dabl19g,rec_cobdesq5ojbselbdqr50
rec_cp2a5gr4f9p514bqbddg,rec_cobdfd4jmvif9dabl19g,rec_cobdesq5ojbselbdqr60
rec_cp2a5gr4f9p514bqbde0,rec_cobdfd4jmvif9dabl19g,rec_cobdesq5ojbselbdqr80
rec_cp2a5gr4f9p514bqbdf0,rec_cobdfd4jmvif9dabl19g,rec_cobdesq5ojbselbdqr40
rec_cp2a5gr4f9p514bqbdfg,rec_cobdfd4jmvif9dabl19g,rec_cobdesq5ojbselbdqr8g
rec_cp2a5gr4f9p514bqbdg0,rec_cobdfd4jmvif9dabl19g,rec_cobdesq5ojbselbdqrag
rec_cp2a5gr4f9p514bqbdgg,rec_cobdfd4jmvif9dabl19g,rec_cobdesq5ojbselbdqrb0
rec_cp2a5gr4f9p514bqbdh0,rec_cobdfd4jmvif9dabl19g,rec_cobdesq5ojbselbdqrdg
rec_cp2a5gr4f9p514bqbdhg,rec_cobdfd4jmvif9dabl19g,rec_cobdesq5ojbselbdqrd0
rec_cp2a5gr4f9p514bqbdi0,rec_cobdfd4jmvif9dabl19g,rec_cobdesq5ojbselbdqrh0
rec_cp2a5gr4f9p514bqbdig,rec_cobdfd4jmvif9dabl19g,rec_cobdesq5ojbselbdqrg0
rec_cp2a5gr4f9p514bqbdj0,rec_cobdfd4jmvif9dabl19g,rec_cobdesq5ojbselbdqrig
rec_cp2a5gr4f9p514bqbdjg,rec_cobdfd4jmvif9dabl19g,rec_cobdesq5ojbselbdqrfg
rec_cp2a5gr4f9p514bqbdk0,rec_cobdfd4jmvif9dabl19g,rec_cobdesq5ojbselbdqrj0
rec_cp2a5gr4f9p514bqbdkg,rec_cobdfd4jmvif9dabl19g,rec_cobdesq5ojbselbdqrmg
rec_cp2a5gr4f9p514bqbdl0,rec_cobdfd4jmvif9dabl19g,rec_cobdesq5ojbselbdqrm0
rec_cp2a5gr4f9p514bqbdlg,rec_cobdfd4jmvif9dabl19g,rec_cobdet25ojbselbdqro0
rec_cp2a5gr4f9p514bqbdm0,rec_cobdfd4jmvif9dabl19g,rec_cobdesq5ojbselbdqrn0
rec_cp2a5gr4f9p514bqbdmg,rec_cobdfd4jmvif9dabl19g,rec_cobdet25ojbselbdqrog
rec_cp2a5gr4f9p514bqbdn0,rec_cobdfd4jmvif9dabl19g,rec_cobdet25ojbselbdqrp0
rec_cp2a5gv6gfslia6usuvg,rec_cobdfd4jmvif9dabl0pg,rec_cobdet25ojbselbdqrr0
rec_cp2a5gv6gfslia6usv00,rec_cobdfd4jmvif9dabl0pg,rec_cobdet25ojbselbdqrug
rec_cp2a5gv6gfslia6usv0g,rec_cobdfd4jmvif9dabl0pg,rec_cobdet25ojbselbdqru0
rec_cp2a5gv6gfslia6usv10,rec_cobdfd4jmvif9dabl19g,rec_cobdesq5ojbselbdqr2g
rec_cp2a5gv6gfslia6usv1g,rec_cobdfd4jmvif9dabl19g,rec_cobdesq5ojbselbdqr5g
rec_cp2a5gv6gfslia6usv20,rec_cobdfd4jmvif9dabl19g,rec_cobdesq5ojbselbdqr6g
rec_cp2a5gv6gfslia6usv2g,rec_cobdfd4jmvif9dabl19g,rec_cobdesq5ojbselbdqr30
rec_cp2a5gv6gfslia6usv30,rec_cobdfd4jmvif9dabl19g,rec_cobdesq5ojbselbdqr90
rec_cp2a5gv6gfslia6usv3g,rec_cobdfd4jmvif9dabl19g,rec_cobdesq5ojbselbdqra0
rec_cp2a5gv6gfslia6usv40,rec_cobdfd4jmvif9dabl19g,rec_cobdesq5ojbselbdqri0
rec_cp2a5gv6gfslia6usv4g,rec_cobdfd4jmvif9dabl19g,rec_cobdesq5ojbselbdqreg
rec_cp2a5gv6gfslia6usv50,rec_cobdfd4jmvif9dabl19g,rec_cobdesq5ojbselbdqre0
rec_cp2a5gv6gfslia6usv5g,rec_cobdfd4jmvif9dabl19g,rec_cobdesq5ojbselbdqrkg
rec_cp2a5gv6gfslia6usv60,rec_cobdfd4jmvif9dabl19g,rec_cobdesq5ojbselbdqrk0
rec_cp2a5gvvvv266bunm74g,rec_cobdfd4jmvif9dabl0pg,rec_cobdet25ojbselbdqs00
rec_cp2a5gvvvv266bunm750,rec_cobdfd4jmvif9dabl0pg,rec_cor05u8oepqha1jsmgo0
rec_cp2a5gvvvv266bunm75g,rec_cobdfd4jmvif9dabl0pg,rec_cp1qh7nvvv266bunkd0g
rec_cp2a5gvvvv266bunm760,rec_cobdfd4jmvif9dabl19g,rec_cobdesq5ojbselbdqr3g
rec_cp2a5gvvvv266bunm76g,rec_cobdfd4jmvif9dabl19g,rec_cobdesq5ojbselbdqr9g
rec_cp2a5gvvvv266bunm770,rec_cobdfd4jmvif9dabl19g,rec_cobdesq5ojbselbdqrbg
rec_cp2a5gvvvv266bunm77g,rec_cobdfd4jmvif9dabl19g,rec_cobdesq5ojbselbdqrf0
rec_cp2a5gvvvv266bunm780,rec_cobdfd4jmvif9dabl19g,rec_cobdesq5ojbselbdqrc0
rec_cp2a5gvvvv266bunm78g,rec_cobdfd4jmvif9dabl19g,rec_cobdesq5ojbselbdqrgg
rec_cp2a5gvvvv266bunm790,rec_cobdfd4jmvif9dabl19g,rec_cobdesq5ojbselbdqrjg
rec_cp2a5gvvvv266bunm79g,rec_cobdfd4jmvif9dabl19g,rec_cobdesq5ojbselbdqrlg
rec_cp2a5gvvvv266bunm7a0,rec_cobdfd4jmvif9dabl19g,rec_cobdesq5ojbselbdqrhg
rec_cp2a5gvvvv266bunm7ag,rec_cobdfd4jmvif9dabl19g,rec_cobdesq5ojbselbdqrng
rec_cp2a5gvvvv266bunm7b0,rec_cobdfd4jmvif9dabl19g,rec_cobdet25ojbselbdqrq0
rec_cp2a5gvvvv266bunm7bg,rec_cobdfd4jmvif9dabl19g,rec_cobdet25ojbselbdqrr0
rec_cp2a5gvvvv266bunm7c0,rec_cobdfd4jmvif9dabl19g,rec_cobdet25ojbselbdqrsg
rec_cp2a5gvvvv266bunm7cg,rec_cobdfd4jmvif9dabl19g,rec_cobdet25ojbselbdqrtg
rec_cp2a5h34f9p514bqbdng,rec_cobdfd4jmvif9dabl19g,rec_cobdet25ojbselbdqrpg
rec_cp2a5h34f9p514bqbdo0,rec_cobdfd4jmvif9dabl19g,rec_cobdet25ojbselbdqrt0
rec_cp2a5h34f9p514bqbdog,rec_cobdfd4jmvif9dabl19g,rec_cobdet25ojbselbdqru0
rec_cp2a5h34f9p514bqbdp0,rec_cobdfd4jmvif9dabl19g,rec_cobdet25ojbselbdqrv0
rec_cp2a5h34f9p514bqbdpg,rec_cobdfd4jmvif9dabl19g,rec_cobdet25ojbselbdqs0g
rec_cp2a5h34f9p514bqbdq0,rec_cobdfd4jmvif9dabl0t0,rec_cobdesq5ojbselbdqr5g
rec_cp2a5h34f9p514bqbdqg,rec_cobdfd4jmvif9dabl0t0,rec_cobdesq5ojbselbdqr8g
rec_cp2a5h34f9p514bqbdr0,rec_cobdfd4jmvif9dabl0t0,rec_cobdesq5ojbselbdqra0
rec_cp2a5h34f9p514bqbds0,rec_cobdfd4jmvif9dabl0t0,rec_cobdesq5ojbselbdqr70
rec_cp2a5h34f9p514bqbdsg,rec_cobdfd4jmvif9dabl0t0,rec_cobdesq5ojbselbdqr30
rec_cp2a5h34f9p514bqbdt0,rec_cobdfd4jmvif9dabl0t0,rec_cobdesq5ojbselbdqr6g
rec_cp2a5h34f9p514bqbdtg,rec_cobdfd4jmvif9dabl0t0,rec_cobdesq5ojbselbdqrb0
rec_cp2a5h34f9p514bqbdu0,rec_cobdfd4jmvif9dabl0t0,rec_cobdesq5ojbselbdqrdg
rec_cp2a5h34f9p514bqbdug,rec_cobdfd4jmvif9dabl0t0,rec_cobdesq5ojbselbdqrcg
rec_cp2a5h34f9p514bqbdv0,rec_cobdfd4jmvif9dabl0t0,rec_cobdesq5ojbselbdqrc0
rec_cp2a5h34f9p514bqbdvg,rec_cobdfd4jmvif9dabl0t0,rec_cobdesq5ojbselbdqrbg
rec_cp2a5h34f9p514bqbe00,rec_cobdfd4jmvif9dabl0t0,rec_cobdesq5ojbselbdqrf0
rec_cp2a5h34f9p514bqbe0g,rec_cobdfd4jmvif9dabl0t0,rec_cobdesq5ojbselbdqrgg
rec_cp2a5h34f9p514bqbe10,rec_cobdfd4jmvif9dabl0t0,rec_cobdesq5ojbselbdqrh0
rec_cp2a5h34f9p514bqbe1g,rec_cobdfd4jmvif9dabl0t0,rec_cobdesq5ojbselbdqri0
rec_cp2a5h34f9p514bqbe20,rec_cobdfd4jmvif9dabl0t0,rec_cobdesq5ojbselbdqrj0
rec_cp2a5h34f9p514bqbe2g,rec_cobdfd4jmvif9dabl0t0,rec_cobdesq5ojbselbdqrhg
rec_cp2a5h34f9p514bqbe30,rec_cobdfd4jmvif9dabl0t0,rec_cobdesq5ojbselbdqrkg
rec_cp2a5h34f9p514bqbe3g,rec_cobdfd4jmvif9dabl0t0,rec_cobdesq5ojbselbdqrlg
rec_cp2a5h34f9p514bqbe40,rec_cobdfd4jmvif9dabl0t0,rec_cobdesq5ojbselbdqrmg
rec_cp2a5h34f9p514bqbe4g,rec_cobdfd4jmvif9dabl0t0,rec_cobdet25ojbselbdqrq0
rec_cp2a5h34f9p514bqbe50,rec_cobdfd4jmvif9dabl0t0,rec_cobdesq5ojbselbdqrm0
rec_cp2a5h34f9p514bqbe5g,rec_cobdfd4jmvif9dabl0t0,rec_cobdesq5ojbselbdqrn0
rec_cp2a5h34f9p514bqbe60,rec_cobdfd4jmvif9dabl0t0,rec_cobdet25ojbselbdqro0
rec_cp2a5h34f9p514bqbe6g,rec_cobdfd4jmvif9dabl0t0,rec_cobdet25ojbselbdqrog
rec_cp2a5h34f9p514bqbe70,rec_cobdfd4jmvif9dabl0t0,rec_cobdet25ojbselbdqrrg
rec_cp2a5h34f9p514bqbe7g,rec_cobdfd4jmvif9dabl0t0,rec_cobdet25ojbselbdqrs0
rec_cp2a5h34f9p514bqbe80,rec_cobdfd4jmvif9dabl0t0,rec_cobdet25ojbselbdqrsg
rec_cp2a5h34f9p514bqbe8g,rec_cobdfd4jmvif9dabl0t0,rec_cobdet25ojbselbdqrtg
rec_cp2a5h34f9p514bqbe90,rec_cobdfd4jmvif9dabl0t0,rec_cobdet25ojbselbdqru0
rec_cp2a5h34f9p514bqbe9g,rec_cobdfd4jmvif9dabl0t0,rec_cobdet25ojbselbdqs00
rec_cp2a5h34f9p514bqbea0,rec_cobdfd4jmvif9dabl0t0,rec_cobdet25ojbselbdqrvg
rec_cp2a5h34f9p514bqbeag,rec_cobdfd4jmvif9dabl0t0,rec_cobdet25ojbselbdqrug
rec_cp2a5h34f9p514bqbeb0,rec_cobdfd4jmvif9dabl0t0,rec_cobdet25ojbselbdqrv0
rec_cp2a5h34f9p514bqbebg,rec_cobdfd4jmvif9dabl0t0,rec_cobdet25ojbselbdqs0g
rec_cp2a5h34f9p514bqbec0,rec_cobdfd4jmvif9dabl0t0,rec_cor05u8oepqha1jsmgo0
rec_cp2a5h34f9p514bqbecg,rec_cobdfd4jmvif9dabl0t0,rec_cor0bpooepqha1jsmgpg
rec_cp2a5h76gfslia6usv6g,rec_cobdfd4jmvif9dabl19g,rec_cobdet25ojbselbdqrrg
rec_cp2a5h76gfslia6usv70,rec_cobdfd4jmvif9dabl19g,rec_cobdet25ojbselbdqrug
rec_cp2a5h76gfslia6usv7g,rec_cobdfd4jmvif9dabl19g,rec_cobdet25ojbselbdqrs0
rec_cp2a5h76gfslia6usv80,rec_cobdfd4jmvif9dabl19g,rec_cobdet25ojbselbdqrqg
rec_cp2a5h76gfslia6usv8g,rec_cobdfd4jmvif9dabl19g,rec_cor05u8oepqha1jsmgo0
rec_cp2a5h76gfslia6usv90,rec_cobdfd4jmvif9dabl0t0,rec_cobdesq5ojbselbdqr3g
rec_cp2a5h76gfslia6usv9g,rec_cobdfd4jmvif9dabl19g,rec_cp1qh7nvvv266bunkd0g
rec_cp2a5h76gfslia6usva0,rec_cobdfd4jmvif9dabl0t0,rec_cobdesq5ojbselbdqr2g
rec_cp2a5h76gfslia6usvag,rec_cobdfd4jmvif9dabl0t0,rec_cobdesq5ojbselbdqr60
rec_cp2a5h76gfslia6usvb0,rec_cobdfd4jmvif9dabl0t0,rec_cobdesq5ojbselbdqr4g
rec_cp2a5h76gfslia6usvbg,rec_cobdfd4jmvif9dabl0t0,rec_cobdesq5ojbselbdqr90
rec_cp2a5h76gfslia6usvc0,rec_cobdfd4jmvif9dabl0t0,rec_cobdesq5ojbselbdqr9g
rec_cp2a5h76gfslia6usvcg,rec_cobdfd4jmvif9dabl0t0,rec_cobdesq5ojbselbdqrag
rec_cp2a5h76gfslia6usvd0,rec_cobdfd4jmvif9dabl0t0,rec_cobdesq5ojbselbdqrd0
rec_cp2a5h76gfslia6usvdg,rec_cobdfd4jmvif9dabl0t0,rec_cobdesq5ojbselbdqreg
rec_cp2a5h76gfslia6usve0,rec_cobdfd4jmvif9dabl0t0,rec_cobdesq5ojbselbdqrg0
rec_cp2a5h76gfslia6usveg,rec_cobdfd4jmvif9dabl0t0,rec_cobdesq5ojbselbdqrl0
rec_cp2a5h76gfslia6usvf0,rec_cobdfd4jmvif9dabl0t0,rec_cobdesq5ojbselbdqrk0
rec_cp2a5h76gfslia6usvfg,rec_cobdfd4jmvif9dabl0t0,rec_cobdesq5ojbselbdqrjg
rec_cp2a5h76gfslia6usvg0,rec_cobdfd4jmvif9dabl0t0,rec_cobdesq5ojbselbdqrng
rec_cp2a5h76gfslia6usvgg,rec_cobdfd4jmvif9dabl0t0,rec_cobdet25ojbselbdqrqg
rec_cp2a5h76gfslia6usvh0,rec_cobdfd4jmvif9dabl0t0,rec_cobdet25ojbselbdqrp0
rec_cp2a5h76gfslia6usvhg,rec_cobdfd4jmvif9dabl0t0,rec_cobdet25ojbselbdqrr0
rec_cp2a5h76gfslia6usvi0,rec_cobdfd4jmvif9dabl0t0,rec_cobdet25ojbselbdqrt0
rec_cp2a5h76gfslia6usvig,rec_cobdfd4jmvif9dabl0t0,rec_cp1qh7nvvv266bunkd0g
rec_cp2a5h76gfslia6usvj0,rec_cobdfd4jmvif9dabl1mg,rec_cobdesq5ojbselbdqr30
rec_cp2a5h7vvv266bunm7d0,rec_cobdfd4jmvif9dabl19g,rec_cobdet25ojbselbdqrvg
rec_cp2a5h7vvv266bunm7dg,rec_cobdfd4jmvif9dabl19g,rec_cor0bpooepqha1jsmgpg
rec_cp2a5h7vvv266bunm7e0,rec_cobdfd4jmvif9dabl0t0,rec_cobdesq5ojbselbdqr40
rec_cp2a5h7vvv266bunm7eg,rec_cobdfd4jmvif9dabl19g,rec_cobdet25ojbselbdqs00
rec_cp2a5h7vvv266bunm7f0,rec_cobdfd4jmvif9dabl0t0,rec_cobdesq5ojbselbdqr50
rec_cp2a5h7vvv266bunm7g0,rec_cobdfd4jmvif9dabl0t0,rec_cobdesq5ojbselbdqre0
rec_cp2a5h7vvv266bunm7gg,rec_cobdfd4jmvif9dabl0t0,rec_cobdesq5ojbselbdqrig
rec_cp2a5hb4f9p514bqbed0,rec_cobdfd4jmvif9dabl1mg,rec_cobdesq5ojbselbdqrf0
rec_cp2a5hb4f9p514bqbedg,rec_cobdfd4jmvif9dabl1mg,rec_cobdesq5ojbselbdqrfg
rec_cp2a5hb4f9p514bqbee0,rec_cobdfd4jmvif9dabl1mg,rec_cobdesq5ojbselbdqrg0
rec_cp2a5hb4f9p514bqbeeg,rec_cobdfd4jmvif9dabl1mg,rec_cobdesq5ojbselbdqrgg
rec_cp2a5hb4f9p514bqbef0,rec_cobdfd4jmvif9dabl1mg,rec_cobdesq5ojbselbdqrhg
rec_cp2a5hb4f9p514bqbefg,rec_cobdfd4jmvif9dabl1mg,rec_cobdesq5ojbselbdqri0
rec_cp2a5hb4f9p514bqbeg0,rec_cobdfd4jmvif9dabl1mg,rec_cobdesq5ojbselbdqrj0
rec_cp2a5hb4f9p514bqbegg,rec_cobdfd4jmvif9dabl1mg,rec_cobdesq5ojbselbdqrkg
rec_cp2a5hb4f9p514bqbeh0,rec_cobdfd4jmvif9dabl1mg,rec_cobdesq5ojbselbdqrlg
rec_cp2a5hb4f9p514bqbehg,rec_cobdfd4jmvif9dabl1mg,rec_cobdesq5ojbselbdqrmg
rec_cp2a5hb4f9p514bqbei0,rec_cobdfd4jmvif9dabl1mg,rec_cobdesq5ojbselbdqrn0
rec_cp2a5hb4f9p514bqbeig,rec_cobdfd4jmvif9dabl1mg,rec_cobdesq5ojbselbdqrng
rec_cp2a5hb4f9p514bqbej0,rec_cobdfd4jmvif9dabl1mg,rec_cobdet25ojbselbdqro0
rec_cp2a5hb4f9p514bqbejg,rec_cobdfd4jmvif9dabl1mg,rec_cobdet25ojbselbdqrpg
rec_cp2a5hb4f9p514bqbek0,rec_cobdfd4jmvif9dabl1mg,rec_cobdet25ojbselbdqrqg
rec_cp2a5hb4f9p514bqbekg,rec_cobdfd4jmvif9dabl1mg,rec_cobdet25ojbselbdqrs0
rec_cp2a5hb4f9p514bqbel0,rec_cobdfd4jmvif9dabl1mg,rec_cobdet25ojbselbdqrrg
rec_cp2a5hb4f9p514bqbelg,rec_cobdfd4jmvif9dabl1mg,rec_cobdet25ojbselbdqrt0
rec_cp2a5hb4f9p514bqbem0,rec_cobdfd4jmvif9dabl1mg,rec_cobdet25ojbselbdqrug
rec_cp2a5hb4f9p514bqbemg,rec_cobdfd4jmvif9dabl1mg,rec_cobdet25ojbselbdqrvg
rec_cp2a5hb4f9p514bqben0,rec_cobdfd4jmvif9dabl1mg,rec_cp1qh7nvvv266bunkd0g
rec_cp2a5hb4f9p514bqbeng,rec_cobdfd4jmvif9dabl1mg,rec_cor0bpooepqha1jsmgpg
rec_cp2a5hb4f9p514bqbeo0,rec_cobdfd4jmvif9dabl170,rec_cobdesq5ojbselbdqr2g
rec_cp2a5hb4f9p514bqbeog,rec_cobdfd4jmvif9dabl170,rec_cobdesq5ojbselbdqr40
rec_cp2a5hb4f9p514bqbep0,rec_cobdfd4jmvif9dabl170,rec_cobdesq5ojbselbdqr4g
rec_cp2a5hb4f9p514bqbeq0,rec_cobdfd4jmvif9dabl170,rec_cobdesq5ojbselbdqr5g
rec_cp2a5hb4f9p514bqbeqg,rec_cobdfd4jmvif9dabl170,rec_cobdesq5ojbselbdqr8g
rec_cp2a5hb4f9p514bqber0,rec_cobdfd4jmvif9dabl170,rec_cobdesq5ojbselbdqr90
rec_cp2a5hb4f9p514bqberg,rec_cobdfd4jmvif9dabl170,rec_cobdesq5ojbselbdqrb0
rec_cp2a5hb4f9p514bqbes0,rec_cobdfd4jmvif9dabl170,rec_cobdesq5ojbselbdqrag
rec_cp2a5hb4f9p514bqbesg,rec_cobdfd4jmvif9dabl170,rec_cobdesq5ojbselbdqr9g
rec_cp2a5hb4f9p514bqbet0,rec_cobdfd4jmvif9dabl170,rec_cobdesq5ojbselbdqrcg
rec_cp2a5hb4f9p514bqbetg,rec_cobdfd4jmvif9dabl170,rec_cobdesq5ojbselbdqreg
rec_cp2a5hb4f9p514bqbeu0,rec_cobdfd4jmvif9dabl170,rec_cobdesq5ojbselbdqre0
rec_cp2a5hb4f9p514bqbeug,rec_cobdfd4jmvif9dabl170,rec_cobdesq5ojbselbdqrf0
rec_cp2a5hb4f9p514bqbev0,rec_cobdfd4jmvif9dabl170,rec_cobdesq5ojbselbdqri0
rec_cp2a5hb4f9p514bqbevg,rec_cobdfd4jmvif9dabl170,rec_cobdesq5ojbselbdqrhg
rec_cp2a5hb4f9p514bqbf00,rec_cobdfd4jmvif9dabl170,rec_cobdesq5ojbselbdqrh0
rec_cp2a5hb4f9p514bqbf0g,rec_cobdfd4jmvif9dabl170,rec_cobdesq5ojbselbdqrl0
rec_cp2a5hb4f9p514bqbf10,rec_cobdfd4jmvif9dabl170,rec_cobdesq5ojbselbdqrlg
rec_cp2a5hf6gfslia6usvjg,rec_cobdfd4jmvif9dabl1mg,rec_cobdesq5ojbselbdqrig
rec_cp2a5hf6gfslia6usvk0,rec_cobdfd4jmvif9dabl1mg,rec_cobdesq5ojbselbdqrk0
rec_cp2a5hf6gfslia6usvkg,rec_cobdfd4jmvif9dabl1mg,rec_cobdet25ojbselbdqrp0
rec_cp2a5hf6gfslia6usvl0,rec_cobdfd4jmvif9dabl1mg,rec_cobdet25ojbselbdqrr0
rec_cp2a5hf6gfslia6usvlg,rec_cobdfd4jmvif9dabl1mg,rec_cobdet25ojbselbdqrtg
rec_cp2a5hf6gfslia6usvm0,rec_cobdfd4jmvif9dabl1mg,rec_cobdet25ojbselbdqrv0
rec_cp2a5hf6gfslia6usvmg,rec_cobdfd4jmvif9dabl1mg,rec_cor05u8oepqha1jsmgo0
rec_cp2a5hf6gfslia6usvn0,rec_cobdfd4jmvif9dabl1mg,rec_cobdet25ojbselbdqs0g
rec_cp2a5hf6gfslia6usvng,rec_cobdfd4jmvif9dabl170,rec_cobdesq5ojbselbdqr30
rec_cp2a5hf6gfslia6usvo0,rec_cobdfd4jmvif9dabl170,rec_cobdesq5ojbselbdqr3g
rec_cp2a5hf6gfslia6usvog,rec_cobdfd4jmvif9dabl170,rec_cobdesq5ojbselbdqr60
rec_cp2a5hf6gfslia6usvp0,rec_cobdfd4jmvif9dabl170,rec_cobdesq5ojbselbdqr6g
rec_cp2a5hf6gfslia6usvqg,rec_cobdfd4jmvif9dabl170,rec_cobdesq5ojbselbdqrbg
rec_cp2a5hf6gfslia6usvr0,rec_cobdfd4jmvif9dabl170,rec_cobdesq5ojbselbdqrc0
rec_cp2a5hf6gfslia6usvrg,rec_cobdfd4jmvif9dabl170,rec_cobdesq5ojbselbdqrdg
rec_cp2a5hf6gfslia6usvs0,rec_cobdfd4jmvif9dabl170,rec_cobdesq5ojbselbdqrfg
rec_cp2a5hf6gfslia6usvsg,rec_cobdfd4jmvif9dabl170,rec_cobdesq5ojbselbdqrg0
rec_cp2a5hf6gfslia6usvt0,rec_cobdfd4jmvif9dabl170,rec_cobdesq5ojbselbdqrjg
rec_cp2a5hf6gfslia6usvtg,rec_cobdfd4jmvif9dabl170,rec_cobdesq5ojbselbdqrkg
rec_cp2a5hfvvv266bunm7h0,rec_cobdfd4jmvif9dabl1mg,rec_cobdesq5ojbselbdqrh0
rec_cp2a5hfvvv266bunm7hg,rec_cobdfd4jmvif9dabl1mg,rec_cobdesq5ojbselbdqrl0
rec_cp2a5hfvvv266bunm7i0,rec_cobdfd4jmvif9dabl1mg,rec_cobdesq5ojbselbdqrm0
rec_cp2a5hfvvv266bunm7ig,rec_cobdfd4jmvif9dabl1mg,rec_cobdet25ojbselbdqrog
rec_cp2a5hfvvv266bunm7j0,rec_cobdfd4jmvif9dabl1mg,rec_cobdet25ojbselbdqrq0
rec_cp2a5hfvvv266bunm7jg,rec_cobdfd4jmvif9dabl1mg,rec_cobdet25ojbselbdqrsg
rec_cp2a5hfvvv266bunm7k0,rec_cobdfd4jmvif9dabl1mg,rec_cobdet25ojbselbdqru0
rec_cp2a5hfvvv266bunm7kg,rec_cobdfd4jmvif9dabl1mg,rec_cobdet25ojbselbdqs00
rec_cp2a5hfvvv266bunm7l0,rec_cobdfd4jmvif9dabl170,rec_cobdesq5ojbselbdqr50
rec_cp2a5hfvvv266bunm7lg,rec_cobdfd4jmvif9dabl170,rec_cobdesq5ojbselbdqra0
rec_cp2a5hfvvv266bunm7m0,rec_cobdfd4jmvif9dabl170,rec_cobdesq5ojbselbdqrd0
rec_cp2a5hfvvv266bunm7mg,rec_cobdfd4jmvif9dabl170,rec_cobdesq5ojbselbdqrgg
rec_cp2a5hfvvv266bunm7n0,rec_cobdfd4jmvif9dabl170,rec_cobdesq5ojbselbdqrk0
rec_cp2a5hj4f9p514bqbf1g,rec_coetr98fv7n3a6lu1e30,rec_cobdesq5ojbselbdqrjg
rec_cp2a5hj4f9p514bqbf20,rec_coetr98fv7n3a6lu1e30,rec_cobdesq5ojbselbdqrk0
rec_cp2a5hj4f9p514bqbf2g,rec_coetr98fv7n3a6lu1e30,rec_cobdesq5ojbselbdqrn0
rec_cp2a5hj4f9p514bqbf30,rec_coetr98fv7n3a6lu1e30,rec_cobdesq5ojbselbdqrng
rec_cp2a5hj4f9p514bqbf3g,rec_coetr98fv7n3a6lu1e30,rec_cobdet25ojbselbdqrog
rec_cp2a5hj4f9p514bqbf40,rec_coetr98fv7n3a6lu1e30,rec_cobdet25ojbselbdqrp0
rec_cp2a5hj4f9p514bqbf4g,rec_coetr98fv7n3a6lu1e30,rec_cobdet25ojbselbdqrpg
rec_cp2a5hj4f9p514bqbf50,rec_coetr98fv7n3a6lu1e30,rec_cobdet25ojbselbdqrq0
rec_cp2a5hj4f9p514bqbf5g,rec_coetr98fv7n3a6lu1e30,rec_cobdet25ojbselbdqrrg
rec_cp2a5hj4f9p514bqbf60,rec_coetr98fv7n3a6lu1e30,rec_cobdet25ojbselbdqrt0
rec_cp2a5hj4f9p514bqbf6g,rec_coetr98fv7n3a6lu1e30,rec_cobdet25ojbselbdqrqg
rec_cp2a5hj4f9p514bqbf70,rec_coetr98fv7n3a6lu1e30,rec_cobdet25ojbselbdqrtg
rec_cp2a5hj4f9p514bqbf7g,rec_coetr98fv7n3a6lu1e30,rec_cobdet25ojbselbdqrug
rec_cp2a5hj4f9p514bqbf80,rec_coetr98fv7n3a6lu1e30,rec_cobdet25ojbselbdqrvg
rec_cp2a5hj4f9p514bqbf8g,rec_coetr98fv7n3a6lu1e30,rec_cobdet25ojbselbdqrv0
rec_cp2a5hj4f9p514bqbf90,rec_coetr98fv7n3a6lu1e30,rec_cobdet25ojbselbdqs00
rec_cp2a5hj4f9p514bqbf9g,rec_coetr98fv7n3a6lu1e30,rec_cor0bpooepqha1jsmgpg
rec_cp2a5hj4f9p514bqbfa0,rec_coetr98fv7n3a6lu1e30,rec_cp1qh7nvvv266bunkd0g
rec_cp2a5hj4f9p514bqbfag,rec_cobdfd4jmvif9dabl1ig,rec_cobdesq5ojbselbdqr2g
rec_cp2a5hj4f9p514bqbfb0,rec_cobdfd4jmvif9dabl1ig,rec_cobdesq5ojbselbdqr40
rec_cp2a5hj4f9p514bqbfbg,rec_cobdfd4jmvif9dabl1ig,rec_cobdesq5ojbselbdqr4g
rec_cp2a5hj4f9p514bqbfc0,rec_cobdfd4jmvif9dabl1ig,rec_cobdesq5ojbselbdqr60
rec_cp2a5hj4f9p514bqbfcg,rec_cobdfd4jmvif9dabl1ig,rec_cobdesq5ojbselbdqr50
rec_cp2a5hj4f9p514bqbfd0,rec_cobdfd4jmvif9dabl1ig,rec_cobdesq5ojbselbdqr3g
rec_cp2a5hj4f9p514bqbfdg,rec_cobdfd4jmvif9dabl1ig,rec_cobdesq5ojbselbdqr6g
rec_cp2a5hj4f9p514bqbfeg,rec_cobdfd4jmvif9dabl1ig,rec_cobdesq5ojbselbdqr8g
rec_cp2a5hj4f9p514bqbffg,rec_cobdfd4jmvif9dabl1ig,rec_cobdesq5ojbselbdqr90
rec_cp2a5hj4f9p514bqbfg0,rec_cobdfd4jmvif9dabl1ig,rec_cobdesq5ojbselbdqra0
rec_cp2a5hj4f9p514bqbfgg,rec_cobdfd4jmvif9dabl1ig,rec_cobdesq5ojbselbdqrbg
rec_cp2a5hj4f9p514bqbfh0,rec_cobdfd4jmvif9dabl1ig,rec_cobdesq5ojbselbdqrc0
rec_cp2a5hj4f9p514bqbfhg,rec_cobdfd4jmvif9dabl1ig,rec_cobdesq5ojbselbdqrcg
rec_cp2a5hj4f9p514bqbfi0,rec_cobdfd4jmvif9dabl1ig,rec_cobdesq5ojbselbdqrd0
rec_cp2a5hj4f9p514bqbfig,rec_cobdfd4jmvif9dabl1ig,rec_cobdesq5ojbselbdqrdg
rec_cp2a5hj4f9p514bqbfj0,rec_cobdfd4jmvif9dabl1ig,rec_cobdesq5ojbselbdqre0
rec_cp2a5hj4f9p514bqbfjg,rec_cobdfd4jmvif9dabl1ig,rec_cobdesq5ojbselbdqreg
rec_cp2a5hj4f9p514bqbfk0,rec_cobdfd4jmvif9dabl1ig,rec_cobdesq5ojbselbdqrf0
rec_cp2a5hj4f9p514bqbfkg,rec_cobdfd4jmvif9dabl1ig,rec_cobdesq5ojbselbdqrfg
rec_cp2a5hj4f9p514bqbfl0,rec_cobdfd4jmvif9dabl1ig,rec_cobdesq5ojbselbdqrg0
rec_cp2a5hj4f9p514bqbflg,rec_cobdfd4jmvif9dabl1ig,rec_cobdesq5ojbselbdqri0
rec_cp2a5hj4f9p514bqbfm0,rec_cobdfd4jmvif9dabl1ig,rec_cobdesq5ojbselbdqrig
rec_cp2a5hj4f9p514bqbfmg,rec_cobdfd4jmvif9dabl1ig,rec_cobdesq5ojbselbdqrj0
rec_cp2a5hj4f9p514bqbfn0,rec_cobdfd4jmvif9dabl1ig,rec_cobdesq5ojbselbdqrlg
rec_cp2a5hj4f9p514bqbfng,rec_cobdfd4jmvif9dabl1ig,rec_cobdesq5ojbselbdqrl0
rec_cp2a5hj4f9p514bqbfo0,rec_cobdfd4jmvif9dabl1ig,rec_cobdesq5ojbselbdqrkg
rec_cp2a5hj4f9p514bqbfog,rec_cobdfd4jmvif9dabl1ig,rec_cobdesq5ojbselbdqrk0
rec_cp2a5hj4f9p514bqbfp0,rec_cobdfd4jmvif9dabl1ig,rec_cobdesq5ojbselbdqrmg
rec_cp2a5hj4f9p514bqbfpg,rec_cobdfd4jmvif9dabl1ig,rec_cobdet25ojbselbdqro0
rec_cp2a5hj4f9p514bqbfq0,rec_cobdfd4jmvif9dabl1ig,rec_cobdesq5ojbselbdqrn0
rec_cp2a5hn6gfslia6usvu0,rec_coetr98fv7n3a6lu1e30,rec_cobdesq5ojbselbdqrj0
rec_cp2a5hn6gfslia6usvug,rec_coetr98fv7n3a6lu1e30,rec_cobdesq5ojbselbdqrlg
rec_cp2a5hn6gfslia6usvv0,rec_coetr98fv7n3a6lu1e30,rec_cobdesq5ojbselbdqrl0
rec_cp2a5hn6gfslia6usvvg,rec_coetr98fv7n3a6lu1e30,rec_cobdesq5ojbselbdqrm0
rec_cp2a5hn6gfslia6ut000,rec_coetr98fv7n3a6lu1e30,rec_cobdesq5ojbselbdqrmg
rec_cp2a5hn6gfslia6ut00g,rec_coetr98fv7n3a6lu1e30,rec_cobdet25ojbselbdqrr0
rec_cp2a5hn6gfslia6ut010,rec_coetr98fv7n3a6lu1e30,rec_cobdet25ojbselbdqrsg
rec_cp2a5hn6gfslia6ut01g,rec_coetr98fv7n3a6lu1e30,rec_cobdet25ojbselbdqru0
rec_cp2a5hn6gfslia6ut020,rec_coetr98fv7n3a6lu1e30,rec_cor05u8oepqha1jsmgo0
rec_cp2a5hn6gfslia6ut02g,rec_cobdfd4jmvif9dabl1ig,rec_cobdesq5ojbselbdqr5g
rec_cp2a5hn6gfslia6ut030,rec_cobdfd4jmvif9dabl1ig,rec_cobdesq5ojbselbdqr30
rec_cp2a5hn6gfslia6ut03g,rec_cobdfd4jmvif9dabl1ig,rec_cobdesq5ojbselbdqrb0
rec_cp2a5hn6gfslia6ut040,rec_cobdfd4jmvif9dabl1ig,rec_cobdesq5ojbselbdqrag
rec_cp2a5hn6gfslia6ut04g,rec_cobdfd4jmvif9dabl1ig,rec_cobdesq5ojbselbdqrgg
rec_cp2a5hn6gfslia6ut050,rec_cobdfd4jmvif9dabl1ig,rec_cobdesq5ojbselbdqrh0
rec_cp2a5hn6gfslia6ut05g,rec_cobdfd4jmvif9dabl1ig,rec_cobdesq5ojbselbdqrhg
rec_cp2a5hn6gfslia6ut060,rec_cobdfd4jmvif9dabl1ig,rec_cobdesq5ojbselbdqrjg
rec_cp2a5hn6gfslia6ut06g,rec_cobdfd4jmvif9dabl1ig,rec_cobdesq5ojbselbdqrng
rec_cp2a5hn6gfslia6ut070,rec_cobdfd4jmvif9dabl1ig,rec_cobdesq5ojbselbdqrm0
rec_cp2a5hnvvv266bunm7ng,rec_coetr98fv7n3a6lu1e30,rec_cobdesq5ojbselbdqrkg
rec_cp2a5hnvvv266bunm7o0,rec_coetr98fv7n3a6lu1e30,rec_cobdet25ojbselbdqro0
rec_cp2a5hnvvv266bunm7og,rec_coetr98fv7n3a6lu1e30,rec_cobdet25ojbselbdqrs0
rec_cp2a5hnvvv266bunm7p0,rec_coetr98fv7n3a6lu1e30,rec_cobdet25ojbselbdqs0g
rec_cp2a5hnvvv266bunm7q0,rec_cobdfd4jmvif9dabl1ig,rec_cobdesq5ojbselbdqr9g
rec_cp2a5hr4f9p514bqbfqg,rec_cobdfd4jmvif9dabl0hg,rec_cobdesq5ojbselbdqrj0
rec_cp2a5hr4f9p514bqbfr0,rec_cobdfd4jmvif9dabl0hg,rec_cobdesq5ojbselbdqrjg
rec_cp2a5hr4f9p514bqbfrg,rec_cobdfd4jmvif9dabl0hg,rec_cobdesq5ojbselbdqrkg
rec_cp2a5hr4f9p514bqbfs0,rec_cobdfd4jmvif9dabl0hg,rec_cobdesq5ojbselbdqrn0
rec_cp2a5hr4f9p514bqbfsg,rec_cobdfd4jmvif9dabl0hg,rec_cobdesq5ojbselbdqrl0
rec_cp2a5hr4f9p514bqbft0,rec_cobdfd4jmvif9dabl0hg,rec_cobdesq5ojbselbdqrng
rec_cp2a5hr4f9p514bqbftg,rec_cobdfd4jmvif9dabl0hg,rec_cobdesq5ojbselbdqrk0
rec_cp2a5hr4f9p514bqbfu0,rec_cobdfd4jmvif9dabl0hg,rec_cobdesq5ojbselbdqrmg
rec_cp2a5hr4f9p514bqbfug,rec_cobdfd4jmvif9dabl0hg,rec_cobdesq5ojbselbdqrm0
rec_cp2a5hr4f9p514bqbfv0,rec_cobdfd4jmvif9dabl0hg,rec_cobdet25ojbselbdqrpg
rec_cp2a5hr4f9p514bqbfvg,rec_cobdfd4jmvif9dabl0hg,rec_cobdet25ojbselbdqrq0
rec_cp2a5hr4f9p514bqbg00,rec_cobdfd4jmvif9dabl0hg,rec_cobdet25ojbselbdqrqg
rec_cp2a5hr4f9p514bqbg0g,rec_cobdfd4jmvif9dabl0hg,rec_cobdet25ojbselbdqrrg
rec_cp2a5hr4f9p514bqbg10,rec_cobdfd4jmvif9dabl0hg,rec_cobdet25ojbselbdqrr0
rec_cp2a5hr4f9p514bqbg1g,rec_cobdfd4jmvif9dabl0hg,rec_cobdet25ojbselbdqrtg
rec_cp2a5hr4f9p514bqbg20,rec_cobdfd4jmvif9dabl0hg,rec_cobdet25ojbselbdqru0
rec_cp2a5hr4f9p514bqbg2g,rec_cobdfd4jmvif9dabl0hg,rec_cobdet25ojbselbdqrvg
rec_cp2a5hr4f9p514bqbg30,rec_cobdfd4jmvif9dabl0hg,rec_cobdet25ojbselbdqrv0
rec_cp2a5hr4f9p514bqbg3g,rec_cobdfd4jmvif9dabl0hg,rec_cobdet25ojbselbdqs0g
rec_cp2a5hr4f9p514bqbg40,rec_cobdfd4jmvif9dabl0hg,rec_cp1qh7nvvv266bunkd0g
rec_cp2a5hr4f9p514bqbg4g,rec_cobdfd4jmvif9dabl110,rec_cobdesq5ojbselbdqr30
rec_cp2a5hr4f9p514bqbg50,rec_cobdfd4jmvif9dabl110,rec_cobdesq5ojbselbdqr3g
rec_cp2a5hr4f9p514bqbg5g,rec_cobdfd4jmvif9dabl110,rec_cobdesq5ojbselbdqr4g
rec_cp2a5hr4f9p514bqbg60,rec_cobdfd4jmvif9dabl110,rec_cobdesq5ojbselbdqr40
rec_cp2a5hr4f9p514bqbg6g,rec_cobdfd4jmvif9dabl110,rec_cobdesq5ojbselbdqr60
rec_cp2a5hr4f9p514bqbg7g,rec_cobdfd4jmvif9dabl110,rec_cobdesq5ojbselbdqr8g
rec_cp2a5hr4f9p514bqbg80,rec_cobdfd4jmvif9dabl110,rec_cobdesq5ojbselbdqr9g
rec_cp2a5hr4f9p514bqbg8g,rec_cobdfd4jmvif9dabl110,rec_cobdesq5ojbselbdqr90
rec_cp2a5hr4f9p514bqbg90,rec_cobdfd4jmvif9dabl110,rec_cobdesq5ojbselbdqra0
rec_cp2a5hr4f9p514bqbg9g,rec_cobdfd4jmvif9dabl110,rec_cobdesq5ojbselbdqrcg
rec_cp2a5hr4f9p514bqbga0,rec_cobdfd4jmvif9dabl110,rec_cobdesq5ojbselbdqrdg
rec_cp2a5hr4f9p514bqbgag,rec_cobdfd4jmvif9dabl110,rec_cobdesq5ojbselbdqrc0
rec_cp2a5hr4f9p514bqbgb0,rec_cobdfd4jmvif9dabl110,rec_cobdesq5ojbselbdqrd0
rec_cp2a5hr4f9p514bqbgbg,rec_cobdfd4jmvif9dabl110,rec_cobdesq5ojbselbdqre0
rec_cp2a5hr4f9p514bqbgc0,rec_cobdfd4jmvif9dabl110,rec_cobdesq5ojbselbdqrfg
rec_cp2a5hr4f9p514bqbgcg,rec_cobdfd4jmvif9dabl110,rec_cobdesq5ojbselbdqrf0
rec_cp2a5hr4f9p514bqbgd0,rec_cobdfd4jmvif9dabl110,rec_cobdesq5ojbselbdqrg0
rec_cp2a5hr4f9p514bqbgdg,rec_cobdfd4jmvif9dabl110,rec_cobdesq5ojbselbdqrgg
rec_cp2a5hr4f9p514bqbge0,rec_cobdfd4jmvif9dabl110,rec_cobdesq5ojbselbdqrhg
rec_cp2a5hr4f9p514bqbgeg,rec_cobdfd4jmvif9dabl110,rec_cobdesq5ojbselbdqri0
rec_cp2a5hr4f9p514bqbgf0,rec_cobdfd4jmvif9dabl110,rec_cobdesq5ojbselbdqrj0
rec_cp2a5hr4f9p514bqbgfg,rec_cobdfd4jmvif9dabl110,rec_cobdesq5ojbselbdqrk0
rec_cp2a5hr4f9p514bqbgg0,rec_cobdfd4jmvif9dabl110,rec_cobdesq5ojbselbdqrkg
rec_cp2a5hr4f9p514bqbggg,rec_cobdfd4jmvif9dabl110,rec_cobdesq5ojbselbdqrl0
rec_cp2a5hr4f9p514bqbgh0,rec_cobdfd4jmvif9dabl110,rec_cobdesq5ojbselbdqrng
rec_cp2a5hr4f9p514bqbghg,rec_cobdfd4jmvif9dabl110,rec_cobdesq5ojbselbdqrm0
rec_cp2a5hr4f9p514bqbgi0,rec_cobdfd4jmvif9dabl110,rec_cobdet25ojbselbdqro0
rec_cp2a5hv6gfslia6ut07g,rec_cobdfd4jmvif9dabl0hg,rec_cobdet25ojbselbdqro0
rec_cp2a5hv6gfslia6ut080,rec_cobdfd4jmvif9dabl0hg,rec_cobdesq5ojbselbdqrlg
rec_cp2a5hv6gfslia6ut08g,rec_cobdfd4jmvif9dabl0hg,rec_cobdet25ojbselbdqrog
rec_cp2a5hv6gfslia6ut090,rec_cobdfd4jmvif9dabl0hg,rec_cobdet25ojbselbdqrp0
rec_cp2a5hv6gfslia6ut09g,rec_cobdfd4jmvif9dabl0hg,rec_cobdet25ojbselbdqrs0
rec_cp2a5hv6gfslia6ut0a0,rec_cobdfd4jmvif9dabl0hg,rec_cobdet25ojbselbdqrt0
rec_cp2a5hv6gfslia6ut0ag,rec_cobdfd4jmvif9dabl0hg,rec_cor0bpooepqha1jsmgpg
rec_cp2a5hv6gfslia6ut0b0,rec_cobdfd4jmvif9dabl0hg,rec_cor05u8oepqha1jsmgo0
rec_cp2a5hv6gfslia6ut0bg,rec_cobdfd4jmvif9dabl110,rec_cobdesq5ojbselbdqr5g
rec_cp2a5hv6gfslia6ut0d0,rec_cobdfd4jmvif9dabl110,rec_cobdesq5ojbselbdqrbg
rec_cp2a5hv6gfslia6ut0dg,rec_cobdfd4jmvif9dabl110,rec_cobdesq5ojbselbdqrag
rec_cp2a5hv6gfslia6ut0e0,rec_cobdfd4jmvif9dabl110,rec_cobdesq5ojbselbdqrh0
rec_cp2a5hv6gfslia6ut0eg,rec_cobdfd4jmvif9dabl110,rec_cobdesq5ojbselbdqrmg
rec_cp2a5hvvvv266bunm7qg,rec_cobdfd4jmvif9dabl0hg,rec_cobdet25ojbselbdqrsg
rec_cp2a5hvvvv266bunm7r0,rec_cobdfd4jmvif9dabl0hg,rec_cobdet25ojbselbdqrug
rec_cp2a5hvvvv266bunm7rg,rec_cobdfd4jmvif9dabl0hg,rec_cobdet25ojbselbdqs00
rec_cp2a5hvvvv266bunm7s0,rec_cobdfd4jmvif9dabl110,rec_cobdesq5ojbselbdqr2g
rec_cp2a5hvvvv266bunm7sg,rec_cobdfd4jmvif9dabl110,rec_cobdesq5ojbselbdqr50
rec_cp2a5hvvvv266bunm7t0,rec_cobdfd4jmvif9dabl110,rec_cobdesq5ojbselbdqr6g
rec_cp2a5hvvvv266bunm7tg,rec_cobdfd4jmvif9dabl110,rec_cobdesq5ojbselbdqrb0
rec_cp2a5hvvvv266bunm7u0,rec_cobdfd4jmvif9dabl110,rec_cobdesq5ojbselbdqreg
rec_cp2a5hvvvv266bunm7ug,rec_cobdfd4jmvif9dabl110,rec_cobdesq5ojbselbdqrig
rec_cp2a5hvvvv266bunm7v0,rec_cobdfd4jmvif9dabl110,rec_cobdesq5ojbselbdqrjg
rec_cp2a5hvvvv266bunm7vg,rec_cobdfd4jmvif9dabl110,rec_cobdesq5ojbselbdqrlg
rec_cp2a5hvvvv266bunm800,rec_cobdfd4jmvif9dabl110,rec_cobdesq5ojbselbdqrn0
rec_cp2a5i34f9p514bqbgig,rec_cobdfd4jmvif9dabl1og,rec_cobdesq5ojbselbdqrlg
rec_cp2a5i34f9p514bqbgj0,rec_cobdfd4jmvif9dabl1og,rec_cobdesq5ojbselbdqrng
rec_cp2a5i34f9p514bqbgjg,rec_cobdfd4jmvif9dabl1og,rec_cobdesq5ojbselbdqrmg
rec_cp2a5i34f9p514bqbgk0,rec_cobdfd4jmvif9dabl1og,rec_cobdesq5ojbselbdqrl0
rec_cp2a5i34f9p514bqbgkg,rec_cobdfd4jmvif9dabl1og,rec_cobdet25ojbselbdqrp0
rec_cp2a5i34f9p514bqbgl0,rec_cobdfd4jmvif9dabl1og,rec_cobdesq5ojbselbdqrm0
rec_cp2a5i34f9p514bqbglg,rec_cobdfd4jmvif9dabl1og,rec_cobdet25ojbselbdqrq0
rec_cp2a5i34f9p514bqbgm0,rec_cobdfd4jmvif9dabl1og,rec_cobdet25ojbselbdqrqg
rec_cp2a5i34f9p514bqbgmg,rec_cobdfd4jmvif9dabl1og,rec_cobdet25ojbselbdqrr0
rec_cp2a5i34f9p514bqbgn0,rec_cobdfd4jmvif9dabl1og,rec_cobdet25ojbselbdqrs0
rec_cp2a5i34f9p514bqbgng,rec_cobdfd4jmvif9dabl1og,rec_cobdet25ojbselbdqrrg
rec_cp2a5i34f9p514bqbgo0,rec_cobdfd4jmvif9dabl1og,rec_cobdet25ojbselbdqrt0
rec_cp2a5i34f9p514bqbgog,rec_cobdfd4jmvif9dabl1og,rec_cobdet25ojbselbdqrtg
rec_cp2a5i34f9p514bqbgp0,rec_cobdfd4jmvif9dabl1og,rec_cobdet25ojbselbdqrvg
rec_cp2a5i34f9p514bqbgpg,rec_cobdfd4jmvif9dabl1og,rec_cobdet25ojbselbdqs00
rec_cp2a5i34f9p514bqbgq0,rec_cobdfd4jmvif9dabl1og,rec_cobdet25ojbselbdqs0g
rec_cp2a5i34f9p514bqbgqg,rec_cobdfd4jmvif9dabl1og,rec_cor05u8oepqha1jsmgo0
rec_cp2a5i34f9p514bqbgr0,rec_cobdfd4jmvif9dabl1og,rec_cp1qh7nvvv266bunkd0g
rec_cp2a5i76gfslia6ut0f0,rec_cobdfd4jmvif9dabl1og,rec_cobdet25ojbselbdqrog
rec_cp2a5i76gfslia6ut0fg,rec_cobdfd4jmvif9dabl1og,rec_cobdet25ojbselbdqrpg
rec_cp2a5i76gfslia6ut0g0,rec_cobdfd4jmvif9dabl1og,rec_cobdet25ojbselbdqrug
rec_cp2a5i76gfslia6ut0gg,rec_cobdfd4jmvif9dabl1og,rec_cobdet25ojbselbdqru0
rec_cp2a5i76gfslia6ut0h0,rec_cobdfd4jmvif9dabl1og,rec_cor0bpooepqha1jsmgpg
rec_cp2a5i7vvv266bunm80g,rec_cobdfd4jmvif9dabl1og,rec_cobdet25ojbselbdqro0
rec_cp2a5i7vvv266bunm810,rec_cobdfd4jmvif9dabl1og,rec_cobdet25ojbselbdqrsg
rec_cp2a5i7vvv266bunm81g,rec_cobdfd4jmvif9dabl1og,rec_cobdet25ojbselbdqrv0
rec_cp2acs34f9p514bqbh2g,rec_cobdfd4jmvif9dabl0i0,rec_cobdesq5ojbselbdqr4g
rec_cp2acs34f9p514bqbh30,rec_cobdfd4jmvif9dabl100,rec_cor0bpooepqha1jsmgpg
rec_cp2acs34f9p514bqbh3g,rec_cobdfd4jmvif9dabl100,rec_cp1qh7nvvv266bunkd0g
rec_cp2acs34f9p514bqbh40,rec_cobdfd4jmvif9dabl0i0,rec_cobdesq5ojbselbdqr30
rec_cp2acs34f9p514bqbh50,rec_cobdfd4jmvif9dabl0i0,rec_cobdesq5ojbselbdqr70
rec_cp2acs34f9p514bqbh5g,rec_cobdfd4jmvif9dabl0i0,rec_cobdesq5ojbselbdqr8g
rec_cp2acs34f9p514bqbh60,rec_cobdfd4jmvif9dabl0i0,rec_cobdesq5ojbselbdqrag
rec_cp2acs34f9p514bqbh6g,rec_cobdfd4jmvif9dabl0i0,rec_cobdesq5ojbselbdqrbg
rec_cp2acs34f9p514bqbh70,rec_cobdfd4jmvif9dabl0i0,rec_cobdesq5ojbselbdqrb0
rec_cp2acs34f9p514bqbh7g,rec_cobdfd4jmvif9dabl0i0,rec_cobdesq5ojbselbdqrc0
rec_cp2acs34f9p514bqbh80,rec_cobdfd4jmvif9dabl0i0,rec_cobdesq5ojbselbdqrdg
rec_cp2acs34f9p514bqbh8g,rec_cobdfd4jmvif9dabl0i0,rec_cobdesq5ojbselbdqrcg
rec_cp2acs34f9p514bqbh90,rec_cobdfd4jmvif9dabl0i0,rec_cobdesq5ojbselbdqrf0
rec_cp2acs34f9p514bqbh9g,rec_cobdfd4jmvif9dabl0i0,rec_cobdesq5ojbselbdqre0
rec_cp2acs34f9p514bqbha0,rec_cobdfd4jmvif9dabl0i0,rec_cobdesq5ojbselbdqreg
rec_cp2acs34f9p514bqbhag,rec_cobdfd4jmvif9dabl0i0,rec_cobdesq5ojbselbdqrfg
rec_cp2acs34f9p514bqbhb0,rec_cobdfd4jmvif9dabl0i0,rec_cobdesq5ojbselbdqrgg
rec_cp2acs34f9p514bqbhbg,rec_cobdfd4jmvif9dabl0i0,rec_cobdesq5ojbselbdqrh0
rec_cp2acs34f9p514bqbhc0,rec_cobdfd4jmvif9dabl0i0,rec_cobdesq5ojbselbdqrhg
rec_cp2acs34f9p514bqbhcg,rec_cobdfd4jmvif9dabl0i0,rec_cobdesq5ojbselbdqrg0
rec_cp2acs34f9p514bqbhd0,rec_cobdfd4jmvif9dabl0i0,rec_cobdesq5ojbselbdqrk0
rec_cp2acs34f9p514bqbhdg,rec_cobdfd4jmvif9dabl0i0,rec_cobdesq5ojbselbdqrkg
rec_cp2acs34f9p514bqbhe0,rec_cobdfd4jmvif9dabl0i0,rec_cobdesq5ojbselbdqrm0
rec_cp2acs34f9p514bqbheg,rec_cobdfd4jmvif9dabl0i0,rec_cobdesq5ojbselbdqrn0
rec_cp2acs34f9p514bqbhf0,rec_cobdfd4jmvif9dabl0i0,rec_cobdet25ojbselbdqro0
rec_cp2acs34f9p514bqbhfg,rec_cobdfd4jmvif9dabl0i0,rec_cobdet25ojbselbdqrp0
rec_cp2acs34f9p514bqbhg0,rec_cobdfd4jmvif9dabl0i0,rec_cobdet25ojbselbdqrq0
rec_cp2acs34f9p514bqbhgg,rec_cobdfd4jmvif9dabl0i0,rec_cobdet25ojbselbdqrr0
rec_cp2acs34f9p514bqbhh0,rec_cobdfd4jmvif9dabl0i0,rec_cobdet25ojbselbdqrrg
rec_cp2acs34f9p514bqbhhg,rec_cobdfd4jmvif9dabl0i0,rec_cobdet25ojbselbdqrsg
rec_cp2acs34f9p514bqbhi0,rec_cobdfd4jmvif9dabl0i0,rec_cobdet25ojbselbdqru0
rec_cp2acs34f9p514bqbhig,rec_cobdfd4jmvif9dabl0i0,rec_cobdet25ojbselbdqs0g
rec_cp2acs34f9p514bqbhj0,rec_cobdfd4jmvif9dabl0i0,rec_cor0bpooepqha1jsmgpg
rec_cp2acs34f9p514bqbhjg,rec_cobdfd4jmvif9dabl15g,rec_cobdesq5ojbselbdqr3g
rec_cp2acs34f9p514bqbhk0,rec_cobdfd4jmvif9dabl15g,rec_cobdesq5ojbselbdqr50
rec_cp2acs34f9p514bqbhkg,rec_cobdfd4jmvif9dabl15g,rec_cobdesq5ojbselbdqr4g
rec_cp2acs34f9p514bqbhl0,rec_cobdfd4jmvif9dabl15g,rec_cobdesq5ojbselbdqr5g
rec_cp2acs34f9p514bqbhlg,rec_cobdfd4jmvif9dabl15g,rec_cobdesq5ojbselbdqr6g
rec_cp2acs34f9p514bqbhmg,rec_cobdfd4jmvif9dabl15g,rec_cobdesq5ojbselbdqr7g
rec_cp2acs34f9p514bqbhng,rec_cobdfd4jmvif9dabl15g,rec_cobdesq5ojbselbdqr90
rec_cp2acs76gfslia6ut0i0,rec_cobdfd4jmvif9dabl0i0,rec_cobdesq5ojbselbdqr5g
rec_cp2acs76gfslia6ut0ig,rec_cobdfd4jmvif9dabl0i0,rec_cobdesq5ojbselbdqr40
rec_cp2acs76gfslia6ut0j0,rec_cobdfd4jmvif9dabl0i0,rec_cobdesq5ojbselbdqr90
rec_cp2acs76gfslia6ut0jg,rec_cobdfd4jmvif9dabl0i0,rec_cobdesq5ojbselbdqr80
rec_cp2acs76gfslia6ut0k0,rec_cobdfd4jmvif9dabl0i0,rec_cobdesq5ojbselbdqrd0
rec_cp2acs76gfslia6ut0kg,rec_cobdfd4jmvif9dabl0i0,rec_cobdesq5ojbselbdqrj0
rec_cp2acs76gfslia6ut0l0,rec_cobdfd4jmvif9dabl0i0,rec_cobdesq5ojbselbdqrig
rec_cp2acs76gfslia6ut0lg,rec_cobdfd4jmvif9dabl0i0,rec_cobdesq5ojbselbdqrjg
rec_cp2acs76gfslia6ut0m0,rec_cobdfd4jmvif9dabl0i0,rec_cobdesq5ojbselbdqrl0
rec_cp2acs76gfslia6ut0mg,rec_cobdfd4jmvif9dabl0i0,rec_cobdesq5ojbselbdqrmg
rec_cp2acs76gfslia6ut0n0,rec_cobdfd4jmvif9dabl0i0,rec_cobdet25ojbselbdqrpg
rec_cp2acs76gfslia6ut0ng,rec_cobdfd4jmvif9dabl0i0,rec_cobdet25ojbselbdqrqg
rec_cp2acs76gfslia6ut0o0,rec_cobdfd4jmvif9dabl0i0,rec_cobdet25ojbselbdqrtg
rec_cp2acs76gfslia6ut0og,rec_cobdfd4jmvif9dabl0i0,rec_cobdet25ojbselbdqs00
rec_cp2acs76gfslia6ut0p0,rec_cobdfd4jmvif9dabl0i0,rec_cobdet25ojbselbdqrv0
rec_cp2acs76gfslia6ut0pg,rec_cobdfd4jmvif9dabl0i0,rec_cobdet25ojbselbdqrug
rec_cp2acs76gfslia6ut0q0,rec_cobdfd4jmvif9dabl0i0,rec_cor05u8oepqha1jsmgo0
rec_cp2acs76gfslia6ut0qg,rec_cobdfd4jmvif9dabl15g,rec_cobdesq5ojbselbdqr2g
rec_cp2acs76gfslia6ut0r0,rec_cobdfd4jmvif9dabl15g,rec_cobdesq5ojbselbdqr40
rec_cp2acs76gfslia6ut0rg,rec_cobdfd4jmvif9dabl15g,rec_cobdesq5ojbselbdqr60
rec_cp2acs7vvv266bunm820,rec_cobdfd4jmvif9dabl0i0,rec_cobdesq5ojbselbdqr3g
rec_cp2acs7vvv266bunm82g,rec_cobdfd4jmvif9dabl0i0,rec_cobdesq5ojbselbdqr6g
rec_cp2acs7vvv266bunm830,rec_cobdfd4jmvif9dabl0i0,rec_cobdesq5ojbselbdqr9g
rec_cp2acs7vvv266bunm83g,rec_cobdfd4jmvif9dabl0i0,rec_cobdesq5ojbselbdqri0
rec_cp2acs7vvv266bunm840,rec_cobdfd4jmvif9dabl0i0,rec_cobdesq5ojbselbdqrlg
rec_cp2acs7vvv266bunm84g,rec_cobdfd4jmvif9dabl0i0,rec_cobdesq5ojbselbdqrng
rec_cp2acs7vvv266bunm850,rec_cobdfd4jmvif9dabl0i0,rec_cobdet25ojbselbdqrog
rec_cp2acs7vvv266bunm85g,rec_cobdfd4jmvif9dabl0i0,rec_cobdet25ojbselbdqrt0
rec_cp2acs7vvv266bunm860,rec_cobdfd4jmvif9dabl0i0,rec_cobdet25ojbselbdqrs0
rec_cp2acs7vvv266bunm86g,rec_cobdfd4jmvif9dabl0i0,rec_cobdet25ojbselbdqrvg
rec_cp2acs7vvv266bunm870,rec_cobdfd4jmvif9dabl0i0,rec_cp1qh7nvvv266bunkd0g
rec_cp2acs7vvv266bunm87g,rec_cobdfd4jmvif9dabl15g,rec_cobdesq5ojbselbdqr8g
rec_cp2acsb4f9p514bqbho0,rec_cobdfd4jmvif9dabl15g,rec_cobdet25ojbselbdqrt0
rec_cp2acsb4f9p514bqbhog,rec_cobdfd4jmvif9dabl15g,rec_cobdet25ojbselbdqrr0
rec_cp2acsb4f9p514bqbhp0,rec_cobdfd4jmvif9dabl15g,rec_cobdet25ojbselbdqrrg
rec_cp2acsb4f9p514bqbhpg,rec_cobdfd4jmvif9dabl15g,rec_cobdet25ojbselbdqrsg
rec_cp2acsb4f9p514bqbhq0,rec_cobdfd4jmvif9dabl15g,rec_cobdet25ojbselbdqrs0
rec_cp2acsb4f9p514bqbhqg,rec_cobdfd4jmvif9dabl15g,rec_cobdet25ojbselbdqrug
rec_cp2acsb4f9p514bqbhr0,rec_cobdfd4jmvif9dabl15g,rec_cobdet25ojbselbdqs0g
rec_cp2acsb4f9p514bqbhrg,rec_cobdfd4jmvif9dabl15g,rec_cobdet25ojbselbdqrvg
rec_cp2acsb4f9p514bqbhs0,rec_cobdfd4jmvif9dabl15g,rec_cor05u8oepqha1jsmgo0
rec_cp2acsb4f9p514bqbhsg,rec_cobdfd4jmvif9dabl0pg,rec_cobdesq5ojbselbdqr30
rec_cp2acsb4f9p514bqbht0,rec_cobdfd4jmvif9dabl15g,rec_cor0bpooepqha1jsmgpg
rec_cp2acsb4f9p514bqbhtg,rec_cobdfd4jmvif9dabl0pg,rec_cobdesq5ojbselbdqr4g
rec_cp2acsb4f9p514bqbhu0,rec_cobdfd4jmvif9dabl0pg,rec_cobdesq5ojbselbdqr50
rec_cp2acsb4f9p514bqbhv0,rec_cobdfd4jmvif9dabl0pg,rec_cobdesq5ojbselbdqr8g
rec_cp2acsb4f9p514bqbhvg,rec_cobdfd4jmvif9dabl0pg,rec_cobdesq5ojbselbdqr60
rec_cp2acsb4f9p514bqbi00,rec_cobdfd4jmvif9dabl0pg,rec_cobdesq5ojbselbdqr9g
rec_cp2acsb4f9p514bqbi0g,rec_cobdfd4jmvif9dabl0pg,rec_cobdesq5ojbselbdqra0
rec_cp2acsb4f9p514bqbi10,rec_cobdfd4jmvif9dabl0pg,rec_cobdesq5ojbselbdqrbg
rec_cp2acsb4f9p514bqbi1g,rec_cobdfd4jmvif9dabl0pg,rec_cobdesq5ojbselbdqrd0
rec_cp2acsb4f9p514bqbi20,rec_cobdfd4jmvif9dabl0pg,rec_cobdesq5ojbselbdqrdg
rec_cp2acsb4f9p514bqbi2g,rec_cobdfd4jmvif9dabl0pg,rec_cobdesq5ojbselbdqreg
rec_cp2acsb4f9p514bqbi30,rec_cobdfd4jmvif9dabl0pg,rec_cobdesq5ojbselbdqre0
rec_cp2acsb4f9p514bqbi3g,rec_cobdfd4jmvif9dabl0pg,rec_cobdesq5ojbselbdqrg0
rec_cp2acsb4f9p514bqbi40,rec_cobdfd4jmvif9dabl0pg,rec_cobdesq5ojbselbdqrfg
rec_cp2acsb4f9p514bqbi4g,rec_cobdfd4jmvif9dabl0pg,rec_cobdesq5ojbselbdqrh0
rec_cp2acsb4f9p514bqbi50,rec_cobdfd4jmvif9dabl0pg,rec_cobdesq5ojbselbdqrhg
rec_cp2acsb4f9p514bqbi5g,rec_cobdfd4jmvif9dabl0pg,rec_cobdesq5ojbselbdqri0
rec_cp2acsb4f9p514bqbi60,rec_cobdfd4jmvif9dabl0pg,rec_cobdesq5ojbselbdqrl0
rec_cp2acsb4f9p514bqbi6g,rec_cobdfd4jmvif9dabl0pg,rec_cobdesq5ojbselbdqrm0
rec_cp2acsb4f9p514bqbi70,rec_cobdfd4jmvif9dabl0pg,rec_cobdesq5ojbselbdqrn0
rec_cp2acsb4f9p514bqbi7g,rec_cobdfd4jmvif9dabl0pg,rec_cobdesq5ojbselbdqrng
rec_cp2acsb4f9p514bqbi80,rec_cobdfd4jmvif9dabl0pg,rec_cobdet25ojbselbdqro0
rec_cp2acsb4f9p514bqbi8g,rec_cobdfd4jmvif9dabl0pg,rec_cobdet25ojbselbdqrp0
rec_cp2acsb4f9p514bqbi90,rec_cobdfd4jmvif9dabl0pg,rec_cobdet25ojbselbdqrq0
rec_cp2acsb4f9p514bqbi9g,rec_cobdfd4jmvif9dabl0pg,rec_cobdet25ojbselbdqrqg
rec_cp2acsb4f9p514bqbia0,rec_cobdfd4jmvif9dabl0pg,rec_cobdet25ojbselbdqrr0
rec_cp2acsb4f9p514bqbiag,rec_cobdfd4jmvif9dabl0pg,rec_cobdet25ojbselbdqrs0
rec_cp2acsb4f9p514bqbib0,rec_cobdfd4jmvif9dabl0pg,rec_cobdet25ojbselbdqrt0
rec_cp2acsb4f9p514bqbibg,rec_cobdfd4jmvif9dabl0pg,rec_cobdet25ojbselbdqrvg
rec_cp2acsb4f9p514bqbic0,rec_cobdfd4jmvif9dabl0pg,rec_cobdet25ojbselbdqrtg
rec_cp2acsb4f9p514bqbicg,rec_cobdfd4jmvif9dabl0pg,rec_cobdet25ojbselbdqs00
rec_cp2acsb4f9p514bqbid0,rec_cobdfd4jmvif9dabl0pg,rec_cor0bpooepqha1jsmgpg
rec_cp2acsf6gfslia6ut0s0,rec_cobdfd4jmvif9dabl15g,rec_cobdet25ojbselbdqrqg
rec_cp2acsf6gfslia6ut0sg,rec_cobdfd4jmvif9dabl15g,rec_cobdet25ojbselbdqru0
rec_cp2acsf6gfslia6ut0t0,rec_cobdfd4jmvif9dabl0pg,rec_cobdesq5ojbselbdqr2g
rec_cp2acsf6gfslia6ut0tg,rec_cobdfd4jmvif9dabl0pg,rec_cobdesq5ojbselbdqr3g
rec_cp2acsf6gfslia6ut0u0,rec_cobdfd4jmvif9dabl0pg,rec_cobdesq5ojbselbdqr5g
rec_cp2acsf6gfslia6ut0ug,rec_cobdfd4jmvif9dabl0pg,rec_cobdesq5ojbselbdqr6g
rec_cp2acsf6gfslia6ut0v0,rec_cobdfd4jmvif9dabl0pg,rec_cobdesq5ojbselbdqr90
rec_cp2acsf6gfslia6ut0vg,rec_cobdfd4jmvif9dabl0pg,rec_cobdesq5ojbselbdqr70
rec_cp2acsf6gfslia6ut100,rec_cobdfd4jmvif9dabl0pg,rec_cobdesq5ojbselbdqrb0
rec_cp2acsf6gfslia6ut10g,rec_cobdfd4jmvif9dabl0pg,rec_cobdesq5ojbselbdqrgg
rec_cp2acsf6gfslia6ut110,rec_cobdfd4jmvif9dabl0pg,rec_cobdesq5ojbselbdqrig
rec_cp2acsf6gfslia6ut11g,rec_cobdfd4jmvif9dabl0pg,rec_cobdesq5ojbselbdqrjg
rec_cp2acsf6gfslia6ut120,rec_cobdfd4jmvif9dabl0pg,rec_cobdesq5ojbselbdqrkg
rec_cp2acsf6gfslia6ut12g,rec_cobdfd4jmvif9dabl0pg,rec_cobdet25ojbselbdqrog
rec_cp2acsf6gfslia6ut130,rec_cobdfd4jmvif9dabl0pg,rec_cobdet25ojbselbdqrrg
rec_cp2acsf6gfslia6ut13g,rec_cobdfd4jmvif9dabl0pg,rec_cobdet25ojbselbdqru0
rec_cp2acsf6gfslia6ut140,rec_cobdfd4jmvif9dabl0pg,rec_cobdet25ojbselbdqrug
rec_cp2acsf6gfslia6ut14g,rec_cobdfd4jmvif9dabl0pg,rec_cobdet25ojbselbdqs0g
rec_cp2acsfvvv266bunm880,rec_cobdfd4jmvif9dabl15g,rec_cobdet25ojbselbdqrtg
rec_cp2acsfvvv266bunm88g,rec_cobdfd4jmvif9dabl15g,rec_cobdet25ojbselbdqrv0
rec_cp2acsfvvv266bunm890,rec_cobdfd4jmvif9dabl15g,rec_cobdet25ojbselbdqs00
rec_cp2acsfvvv266bunm89g,rec_cobdfd4jmvif9dabl15g,rec_cp1qh7nvvv266bunkd0g
rec_cp2acsfvvv266bunm8a0,rec_cobdfd4jmvif9dabl0pg,rec_cobdesq5ojbselbdqr40
rec_cp2acsfvvv266bunm8b0,rec_cobdfd4jmvif9dabl0pg,rec_cobdesq5ojbselbdqrag
rec_cp2acsfvvv266bunm8bg,rec_cobdfd4jmvif9dabl0pg,rec_cobdesq5ojbselbdqrc0
rec_cp2acsfvvv266bunm8c0,rec_cobdfd4jmvif9dabl0pg,rec_cobdesq5ojbselbdqrf0
rec_cp2acsfvvv266bunm8cg,rec_cobdfd4jmvif9dabl0pg,rec_cobdesq5ojbselbdqrj0
rec_cp2acsfvvv266bunm8d0,rec_cobdfd4jmvif9dabl0pg,rec_cobdesq5ojbselbdqrlg
rec_cp2acsfvvv266bunm8dg,rec_cobdfd4jmvif9dabl0pg,rec_cobdesq5ojbselbdqrmg
rec_cp2acsfvvv266bunm8e0,rec_cobdfd4jmvif9dabl0pg,rec_cobdet25ojbselbdqrsg
rec_cp2acsfvvv266bunm8eg,rec_cobdfd4jmvif9dabl0pg,rec_cobdet25ojbselbdqrv0
rec_cp2acsj4f9p514bqbidg,rec_cobdfd4jmvif9dabl19g,rec_cobdet25ojbselbdqrtg
rec_cp2acsj4f9p514bqbie0,rec_cobdfd4jmvif9dabl19g,rec_cobdet25ojbselbdqrug
rec_cp2acsj4f9p514bqbieg,rec_cobdfd4jmvif9dabl19g,rec_cobdet25ojbselbdqrv0
rec_cp2acsj4f9p514bqbif0,rec_cobdfd4jmvif9dabl19g,rec_cobdet25ojbselbdqs0g
rec_cp2acsj4f9p514bqbifg,rec_cobdfd4jmvif9dabl19g,rec_cor05u8oepqha1jsmgo0
rec_cp2acsj4f9p514bqbig0,rec_cobdfd4jmvif9dabl19g,rec_cp1qh7nvvv266bunkd0g
rec_cp2acsj4f9p514bqbigg,rec_cobdfd4jmvif9dabl0t0,rec_cobdesq5ojbselbdqr30
rec_cp2acsj4f9p514bqbih0,rec_cobdfd4jmvif9dabl0t0,rec_cobdesq5ojbselbdqr5g
rec_cp2acsj4f9p514bqbihg,rec_cobdfd4jmvif9dabl0t0,rec_cobdesq5ojbselbdqr60
rec_cp2acsj4f9p514bqbii0,rec_cobdfd4jmvif9dabl0t0,rec_cobdesq5ojbselbdqr70
rec_cp2acsj4f9p514bqbiig,rec_cobdfd4jmvif9dabl0t0,rec_cobdesq5ojbselbdqr9g
rec_cp2acsj4f9p514bqbij0,rec_cobdfd4jmvif9dabl0t0,rec_cobdesq5ojbselbdqrag
rec_cp2acsj4f9p514bqbijg,rec_cobdfd4jmvif9dabl0t0,rec_cobdesq5ojbselbdqrcg
rec_cp2acsj4f9p514bqbik0,rec_cobdfd4jmvif9dabl0t0,rec_cobdesq5ojbselbdqrg0
rec_cp2acsj4f9p514bqbikg,rec_cobdfd4jmvif9dabl0t0,rec_cobdesq5ojbselbdqreg
rec_cp2acsj4f9p514bqbil0,rec_cobdfd4jmvif9dabl0t0,rec_cobdesq5ojbselbdqrgg
rec_cp2acsj4f9p514bqbilg,rec_cobdfd4jmvif9dabl0t0,rec_cobdesq5ojbselbdqrh0
rec_cp2acsj4f9p514bqbim0,rec_cobdfd4jmvif9dabl0t0,rec_cobdesq5ojbselbdqrhg
rec_cp2acsj4f9p514bqbimg,rec_cobdfd4jmvif9dabl0t0,rec_cobdesq5ojbselbdqrjg
rec_cp2acsj4f9p514bqbin0,rec_cobdfd4jmvif9dabl0t0,rec_cobdesq5ojbselbdqrj0
rec_cp2acsj4f9p514bqbing,rec_cobdfd4jmvif9dabl0t0,rec_cobdesq5ojbselbdqrlg
rec_cp2acsj4f9p514bqbio0,rec_cobdfd4jmvif9dabl0t0,rec_cobdesq5ojbselbdqrkg
rec_cp2acsj4f9p514bqbiog,rec_cobdfd4jmvif9dabl0t0,rec_cobdesq5ojbselbdqrmg
rec_cp2acsj4f9p514bqbip0,rec_cobdfd4jmvif9dabl0t0,rec_cobdet25ojbselbdqrog
rec_cp2acsj4f9p514bqbipg,rec_cobdfd4jmvif9dabl0t0,rec_cobdet25ojbselbdqro0
rec_cp2acsj4f9p514bqbiq0,rec_cobdfd4jmvif9dabl0t0,rec_cobdet25ojbselbdqrp0
rec_cp2acsj4f9p514bqbiqg,rec_cobdfd4jmvif9dabl0t0,rec_cobdet25ojbselbdqrq0
rec_cp2acsj4f9p514bqbir0,rec_cobdfd4jmvif9dabl0t0,rec_cobdet25ojbselbdqrs0
rec_cp2acsj4f9p514bqbirg,rec_cobdfd4jmvif9dabl0t0,rec_cobdet25ojbselbdqrsg
rec_cp2acsj4f9p514bqbis0,rec_cobdfd4jmvif9dabl0t0,rec_cobdet25ojbselbdqrug
rec_cp2acsj4f9p514bqbisg,rec_cobdfd4jmvif9dabl0t0,rec_cobdet25ojbselbdqs0g
rec_cp2acsj4f9p514bqbit0,rec_cobdfd4jmvif9dabl0t0,rec_cobdet25ojbselbdqrv0
rec_cp2acsn6gfslia6ut150,rec_cobdfd4jmvif9dabl19g,rec_cobdet25ojbselbdqru0
rec_cp2acsn6gfslia6ut15g,rec_cobdfd4jmvif9dabl19g,rec_cobdet25ojbselbdqrvg
rec_cp2acsn6gfslia6ut160,rec_cobdfd4jmvif9dabl19g,rec_cor0bpooepqha1jsmgpg
rec_cp2acsn6gfslia6ut16g,rec_cobdfd4jmvif9dabl0t0,rec_cobdesq5ojbselbdqr2g
rec_cp2acsn6gfslia6ut170,rec_cobdfd4jmvif9dabl0t0,rec_cobdesq5ojbselbdqr3g
rec_cp2acsn6gfslia6ut17g,rec_cobdfd4jmvif9dabl0t0,rec_cobdesq5ojbselbdqr40
rec_cp2acsn6gfslia6ut180,rec_cobdfd4jmvif9dabl0t0,rec_cobdesq5ojbselbdqr6g
rec_cp2acsn6gfslia6ut190,rec_cobdfd4jmvif9dabl0t0,rec_cobdesq5ojbselbdqr8g
rec_cp2acsn6gfslia6ut19g,rec_cobdfd4jmvif9dabl0t0,rec_cobdesq5ojbselbdqrb0
rec_cp2acsn6gfslia6ut1a0,rec_cobdfd4jmvif9dabl0t0,rec_cobdesq5ojbselbdqra0
rec_cp2acsn6gfslia6ut1ag,rec_cobdfd4jmvif9dabl0t0,rec_cobdesq5ojbselbdqr90
rec_cp2acsn6gfslia6ut1b0,rec_cobdfd4jmvif9dabl0t0,rec_cobdesq5ojbselbdqrc0
rec_cp2acsn6gfslia6ut1bg,rec_cobdfd4jmvif9dabl0t0,rec_cobdesq5ojbselbdqre0
rec_cp2acsn6gfslia6ut1c0,rec_cobdfd4jmvif9dabl0t0,rec_cobdesq5ojbselbdqrdg
rec_cp2acsn6gfslia6ut1cg,rec_cobdfd4jmvif9dabl0t0,rec_cobdesq5ojbselbdqri0
rec_cp2acsn6gfslia6ut1d0,rec_cobdfd4jmvif9dabl0t0,rec_cobdesq5ojbselbdqrk0
rec_cp2acsn6gfslia6ut1dg,rec_cobdfd4jmvif9dabl0t0,rec_cobdesq5ojbselbdqrm0
rec_cp2acsn6gfslia6ut1e0,rec_cobdfd4jmvif9dabl0t0,rec_cobdesq5ojbselbdqrn0
rec_cp2acsn6gfslia6ut1eg,rec_cobdfd4jmvif9dabl0t0,rec_cobdesq5ojbselbdqrng
rec_cp2acsn6gfslia6ut1f0,rec_cobdfd4jmvif9dabl0t0,rec_cobdet25ojbselbdqrrg
rec_cp2acsn6gfslia6ut1fg,rec_cobdfd4jmvif9dabl0t0,rec_cobdet25ojbselbdqrqg
rec_cp2acsn6gfslia6ut1g0,rec_cobdfd4jmvif9dabl0t0,rec_cobdet25ojbselbdqrt0
rec_cp2acsn6gfslia6ut1gg,rec_cobdfd4jmvif9dabl0t0,rec_cobdet25ojbselbdqrtg
rec_cp2acsn6gfslia6ut1h0,rec_cobdfd4jmvif9dabl0t0,rec_cobdet25ojbselbdqru0
rec_cp2acsn6gfslia6ut1hg,rec_cobdfd4jmvif9dabl0t0,rec_cobdet25ojbselbdqrvg
rec_cp2acsn6gfslia6ut1i0,rec_cobdfd4jmvif9dabl0t0,rec_cor05u8oepqha1jsmgo0
rec_cp2acsn6gfslia6ut1ig,rec_cobdfd4jmvif9dabl0t0,rec_cp1qh7nvvv266bunkd0g
rec_cp2acsn6gfslia6ut1j0,rec_cobdfd4jmvif9dabl1mg,rec_cobdesq5ojbselbdqr2g
rec_cp2acsn6gfslia6ut1jg,rec_cobdfd4jmvif9dabl1mg,rec_cobdesq5ojbselbdqr30
rec_cp2acsn6gfslia6ut1k0,rec_cobdfd4jmvif9dabl1mg,rec_cobdesq5ojbselbdqr3g
rec_cp2acsnvvv266bunm8f0,rec_cobdfd4jmvif9dabl19g,rec_cobdet25ojbselbdqs00
rec_cp2acsnvvv266bunm8fg,rec_cobdfd4jmvif9dabl0t0,rec_cobdesq5ojbselbdqr4g
rec_cp2acsnvvv266bunm8g0,rec_cobdfd4jmvif9dabl0t0,rec_cobdesq5ojbselbdqr50
rec_cp2acsnvvv266bunm8h0,rec_cobdfd4jmvif9dabl0t0,rec_cobdesq5ojbselbdqrbg
rec_cp2acsnvvv266bunm8hg,rec_cobdfd4jmvif9dabl0t0,rec_cobdesq5ojbselbdqrd0
rec_cp2acsnvvv266bunm8i0,rec_cobdfd4jmvif9dabl0t0,rec_cobdesq5ojbselbdqrf0
rec_cp2acsnvvv266bunm8ig,rec_cobdfd4jmvif9dabl0t0,rec_cobdesq5ojbselbdqrig
rec_cp2acsnvvv266bunm8j0,rec_cobdfd4jmvif9dabl0t0,rec_cobdesq5ojbselbdqrl0
rec_cp2acsnvvv266bunm8jg,rec_cobdfd4jmvif9dabl0t0,rec_cobdet25ojbselbdqrr0
rec_cp2acsnvvv266bunm8k0,rec_cobdfd4jmvif9dabl0t0,rec_cor0bpooepqha1jsmgpg
rec_cp2acsnvvv266bunm8kg,rec_cobdfd4jmvif9dabl0t0,rec_cobdet25ojbselbdqs00
rec_cp2acsr4f9p514bqbitg,rec_cobdfd4jmvif9dabl170,rec_cobdesq5ojbselbdqr30
rec_cp2acsr4f9p514bqbiu0,rec_cobdfd4jmvif9dabl170,rec_cobdesq5ojbselbdqr4g
rec_cp2acsr4f9p514bqbiug,rec_cobdfd4jmvif9dabl170,rec_cobdesq5ojbselbdqr50
rec_cp2acsr4f9p514bqbiv0,rec_cobdfd4jmvif9dabl170,rec_cobdesq5ojbselbdqr70
rec_cp2acsr4f9p514bqbivg,rec_cobdfd4jmvif9dabl170,rec_cobdesq5ojbselbdqr90
rec_cp2acsr4f9p514bqbj00,rec_cobdfd4jmvif9dabl170,rec_cobdesq5ojbselbdqra0
rec_cp2acsr4f9p514bqbj0g,rec_cobdfd4jmvif9dabl170,rec_cobdesq5ojbselbdqre0
rec_cp2acsr4f9p514bqbj10,rec_cobdfd4jmvif9dabl170,rec_cobdesq5ojbselbdqreg
rec_cp2acsr4f9p514bqbj1g,rec_cobdfd4jmvif9dabl170,rec_cobdesq5ojbselbdqrgg
rec_cp2acsr4f9p514bqbj20,rec_cobdfd4jmvif9dabl170,rec_cobdesq5ojbselbdqrh0
rec_cp2acsr4f9p514bqbj2g,rec_cobdfd4jmvif9dabl170,rec_cobdesq5ojbselbdqrhg
rec_cp2acsr4f9p514bqbj30,rec_cobdfd4jmvif9dabl170,rec_cobdesq5ojbselbdqri0
rec_cp2acsr4f9p514bqbj3g,rec_cobdfd4jmvif9dabl170,rec_cobdesq5ojbselbdqrk0
rec_cp2acsr4f9p514bqbj40,rec_cobdfd4jmvif9dabl170,rec_cobdesq5ojbselbdqrl0
rec_cp2acsr4f9p514bqbj4g,rec_cobdfd4jmvif9dabl170,rec_cobdesq5ojbselbdqrlg
rec_cp2acsr4f9p514bqbj50,rec_cobdfd4jmvif9dabl170,rec_cobdesq5ojbselbdqrng
rec_cp2acsr4f9p514bqbj5g,rec_cobdfd4jmvif9dabl170,rec_cobdet25ojbselbdqro0
rec_cp2acsr4f9p514bqbj60,rec_cobdfd4jmvif9dabl170,rec_cobdet25ojbselbdqrq0
rec_cp2acsr4f9p514bqbj6g,rec_cobdfd4jmvif9dabl170,rec_cobdet25ojbselbdqrpg
rec_cp2acsr4f9p514bqbj70,rec_cobdfd4jmvif9dabl170,rec_cobdet25ojbselbdqrsg
rec_cp2acsr4f9p514bqbj7g,rec_cobdfd4jmvif9dabl170,rec_cobdet25ojbselbdqrt0
rec_cp2acsr4f9p514bqbj80,rec_cobdfd4jmvif9dabl170,rec_cobdet25ojbselbdqrr0
rec_cp2acsr4f9p514bqbj8g,rec_cobdfd4jmvif9dabl170,rec_cobdet25ojbselbdqrtg
rec_cp2acsr4f9p514bqbj90,rec_cobdfd4jmvif9dabl170,rec_cobdet25ojbselbdqrug
rec_cp2acsr4f9p514bqbj9g,rec_cobdfd4jmvif9dabl170,rec_cobdet25ojbselbdqrv0
rec_cp2acsr4f9p514bqbja0,rec_cobdfd4jmvif9dabl170,rec_cobdet25ojbselbdqrvg
rec_cp2acsr4f9p514bqbjag,rec_cobdfd4jmvif9dabl170,rec_cobdet25ojbselbdqs0g
rec_cp2acsr4f9p514bqbjb0,rec_cobdfd4jmvif9dabl170,rec_cor05u8oepqha1jsmgo0
rec_cp2acsr4f9p514bqbjbg,rec_coetr98fv7n3a6lu1e30,rec_cobdesq5ojbselbdqr2g
rec_cp2acsr4f9p514bqbjc0,rec_coetr98fv7n3a6lu1e30,rec_cobdesq5ojbselbdqr30
rec_cp2acsr4f9p514bqbjcg,rec_coetr98fv7n3a6lu1e30,rec_cobdesq5ojbselbdqr4g
rec_cp2acsr4f9p514bqbjd0,rec_coetr98fv7n3a6lu1e30,rec_cobdesq5ojbselbdqr50
rec_cp2acsr4f9p514bqbjdg,rec_coetr98fv7n3a6lu1e30,rec_cobdesq5ojbselbdqr5g
rec_cp2acsv6gfslia6ut1kg,rec_cobdfd4jmvif9dabl170,rec_cobdesq5ojbselbdqr2g
rec_cp2acsv6gfslia6ut1l0,rec_cobdfd4jmvif9dabl170,rec_cobdesq5ojbselbdqr40
rec_cp2acsv6gfslia6ut1lg,rec_cobdfd4jmvif9dabl170,rec_cobdesq5ojbselbdqr5g
rec_cp2acsv6gfslia6ut1m0,rec_cobdfd4jmvif9dabl170,rec_cobdesq5ojbselbdqr6g
rec_cp2acsv6gfslia6ut1mg,rec_cobdfd4jmvif9dabl170,rec_cobdesq5ojbselbdqr7g
rec_cp2acsv6gfslia6ut1n0,rec_cobdfd4jmvif9dabl170,rec_cobdesq5ojbselbdqr8g
rec_cp2acsv6gfslia6ut1ng,rec_cobdfd4jmvif9dabl170,rec_cobdesq5ojbselbdqrag
rec_cp2acsv6gfslia6ut1o0,rec_cobdfd4jmvif9dabl170,rec_cobdesq5ojbselbdqrb0
rec_cp2acsv6gfslia6ut1og,rec_cobdfd4jmvif9dabl170,rec_cobdesq5ojbselbdqrc0
rec_cp2acsv6gfslia6ut1p0,rec_cobdfd4jmvif9dabl170,rec_cobdesq5ojbselbdqrd0
rec_cp2acsv6gfslia6ut1pg,rec_cobdfd4jmvif9dabl170,rec_cobdesq5ojbselbdqrf0
rec_cp2acsv6gfslia6ut1q0,rec_cobdfd4jmvif9dabl170,rec_cobdesq5ojbselbdqrg0
rec_cp2acsv6gfslia6ut1qg,rec_cobdfd4jmvif9dabl170,rec_cobdesq5ojbselbdqrn0
rec_cp2acsv6gfslia6ut1r0,rec_cobdfd4jmvif9dabl170,rec_cobdesq5ojbselbdqrmg
rec_cp2acsv6gfslia6ut1rg,rec_cobdfd4jmvif9dabl170,rec_cobdet25ojbselbdqrrg
rec_cp2acsv6gfslia6ut1s0,rec_cobdfd4jmvif9dabl170,rec_cobdet25ojbselbdqrs0
rec_cp2acsv6gfslia6ut1sg,rec_cobdfd4jmvif9dabl170,rec_cobdet25ojbselbdqru0
rec_cp2acsv6gfslia6ut1t0,rec_cobdfd4jmvif9dabl170,rec_cobdet25ojbselbdqs00
rec_cp2acsv6gfslia6ut1tg,rec_cobdfd4jmvif9dabl170,rec_cp1qh7nvvv266bunkd0g
rec_cp2acsv6gfslia6ut1ug,rec_coetr98fv7n3a6lu1e30,rec_cobdesq5ojbselbdqr6g
rec_cp2acsvvvv266bunm8l0,rec_cobdfd4jmvif9dabl1mg,rec_cp1qh7nvvv266bunkd0g
rec_cp2acsvvvv266bunm8lg,rec_cobdfd4jmvif9dabl170,rec_cobdesq5ojbselbdqr3g
rec_cp2acsvvvv266bunm8m0,rec_cobdfd4jmvif9dabl170,rec_cobdesq5ojbselbdqr60
rec_cp2acsvvvv266bunm8n0,rec_cobdfd4jmvif9dabl170,rec_cobdesq5ojbselbdqr9g
rec_cp2acsvvvv266bunm8ng,rec_cobdfd4jmvif9dabl170,rec_cobdesq5ojbselbdqrbg
rec_cp2acsvvvv266bunm8o0,rec_cobdfd4jmvif9dabl170,rec_cobdesq5ojbselbdqrcg
rec_cp2acsvvvv266bunm8og,rec_cobdfd4jmvif9dabl170,rec_cobdesq5ojbselbdqrdg
rec_cp2acsvvvv266bunm8p0,rec_cobdfd4jmvif9dabl170,rec_cobdesq5ojbselbdqrfg
rec_cp2acsvvvv266bunm8pg,rec_cobdfd4jmvif9dabl170,rec_cobdesq5ojbselbdqrjg
rec_cp2acsvvvv266bunm8q0,rec_cobdfd4jmvif9dabl170,rec_cobdesq5ojbselbdqrkg
rec_cp2acsvvvv266bunm8qg,rec_cobdfd4jmvif9dabl170,rec_cobdesq5ojbselbdqrm0
rec_cp2acsvvvv266bunm8r0,rec_cobdfd4jmvif9dabl170,rec_cobdet25ojbselbdqrog
rec_cp2acsvvvv266bunm8rg,rec_cobdfd4jmvif9dabl170,rec_cobdet25ojbselbdqrp0
rec_cp2acsvvvv266bunm8s0,rec_cobdfd4jmvif9dabl170,rec_cobdet25ojbselbdqrqg
rec_cp2acsvvvv266bunm8sg,rec_cobdfd4jmvif9dabl170,rec_cor0bpooepqha1jsmgpg
rec_cp2acsvvvv266bunm8t0,rec_coetr98fv7n3a6lu1e30,rec_cobdesq5ojbselbdqr3g
rec_cp2acsvvvv266bunm8tg,rec_coetr98fv7n3a6lu1e30,rec_cobdesq5ojbselbdqr40
rec_cp2acsvvvv266bunm8u0,rec_coetr98fv7n3a6lu1e30,rec_cobdesq5ojbselbdqr60
rec_cp2act34f9p514bqbjf0,rec_cobdfd4jmvif9dabl1ig,rec_cobdesq5ojbselbdqr3g
rec_cp2act34f9p514bqbjfg,rec_cobdfd4jmvif9dabl1ig,rec_cobdesq5ojbselbdqr5g
rec_cp2act34f9p514bqbjg0,rec_cobdfd4jmvif9dabl1ig,rec_cobdesq5ojbselbdqr60
rec_cp2act34f9p514bqbjh0,rec_cobdfd4jmvif9dabl1ig,rec_cobdesq5ojbselbdqr9g
rec_cp2act34f9p514bqbjhg,rec_cobdfd4jmvif9dabl1ig,rec_cobdesq5ojbselbdqr90
rec_cp2act34f9p514bqbji0,rec_cobdfd4jmvif9dabl1ig,rec_cobdesq5ojbselbdqra0
rec_cp2act34f9p514bqbjig,rec_cobdfd4jmvif9dabl1ig,rec_cobdesq5ojbselbdqrag
rec_cp2act34f9p514bqbjj0,rec_cobdfd4jmvif9dabl1ig,rec_cobdesq5ojbselbdqrbg
rec_cp2act34f9p514bqbjjg,rec_cobdfd4jmvif9dabl1ig,rec_cobdesq5ojbselbdqrcg
rec_cp2act34f9p514bqbjk0,rec_cobdfd4jmvif9dabl1ig,rec_cobdesq5ojbselbdqreg
rec_cp2act34f9p514bqbjkg,rec_cobdfd4jmvif9dabl1ig,rec_cobdesq5ojbselbdqrg0
rec_cp2act34f9p514bqbjl0,rec_cobdfd4jmvif9dabl1ig,rec_cobdesq5ojbselbdqrgg
rec_cp2act34f9p514bqbjlg,rec_cobdfd4jmvif9dabl1ig,rec_cobdesq5ojbselbdqrh0
rec_cp2act34f9p514bqbjm0,rec_cobdfd4jmvif9dabl1ig,rec_cobdesq5ojbselbdqrig
rec_cp2act34f9p514bqbjmg,rec_cobdfd4jmvif9dabl1ig,rec_cobdesq5ojbselbdqrjg
rec_cp2act34f9p514bqbjn0,rec_cobdfd4jmvif9dabl1ig,rec_cobdesq5ojbselbdqrm0
rec_cp2act34f9p514bqbjng,rec_cobdfd4jmvif9dabl1ig,rec_cobdet25ojbselbdqro0
rec_cp2act34f9p514bqbjo0,rec_cobdfd4jmvif9dabl1ig,rec_cobdet25ojbselbdqrog
rec_cp2act34f9p514bqbjog,rec_cobdfd4jmvif9dabl1ig,rec_cobdet25ojbselbdqrpg
rec_cp2act34f9p514bqbjp0,rec_cobdfd4jmvif9dabl1ig,rec_cobdet25ojbselbdqrq0
rec_cp2act34f9p514bqbjpg,rec_cobdfd4jmvif9dabl1ig,rec_cobdet25ojbselbdqrrg
rec_cp2act34f9p514bqbjq0,rec_cobdfd4jmvif9dabl1ig,rec_cobdet25ojbselbdqrt0
rec_cp2act34f9p514bqbjqg,rec_cobdfd4jmvif9dabl1ig,rec_cobdet25ojbselbdqrtg
rec_cp2act34f9p514bqbjr0,rec_cobdfd4jmvif9dabl1ig,rec_cobdet25ojbselbdqru0
rec_cp2act34f9p514bqbjrg,rec_cobdfd4jmvif9dabl1ig,rec_cobdet25ojbselbdqrv0
rec_cp2act34f9p514bqbjs0,rec_cobdfd4jmvif9dabl1ig,rec_cobdet25ojbselbdqs0g
rec_cp2act34f9p514bqbjsg,rec_cobdfd4jmvif9dabl1ig,rec_cor05u8oepqha1jsmgo0
rec_cp2act34f9p514bqbjt0,rec_cobdfd4jmvif9dabl1ig,rec_cor0bpooepqha1jsmgpg
rec_cp2act34f9p514bqbjtg,rec_cobdfd4jmvif9dabl0hg,rec_cobdesq5ojbselbdqr30
rec_cp2act34f9p514bqbju0,rec_cobdfd4jmvif9dabl0hg,rec_cobdesq5ojbselbdqr3g
rec_cp2act34f9p514bqbjug,rec_cobdfd4jmvif9dabl0hg,rec_cobdesq5ojbselbdqr50
rec_cp2act34f9p514bqbjv0,rec_cobdfd4jmvif9dabl0hg,rec_cobdesq5ojbselbdqr6g
rec_cp2act34f9p514bqbjvg,rec_cobdfd4jmvif9dabl0hg,rec_cobdesq5ojbselbdqr5g
rec_cp2act34f9p514bqbk00,rec_cobdfd4jmvif9dabl0hg,rec_cobdesq5ojbselbdqr60
rec_cp2act34f9p514bqbk0g,rec_cobdfd4jmvif9dabl0hg,rec_cobdesq5ojbselbdqr90
rec_cp2act34f9p514bqbk10,rec_cobdfd4jmvif9dabl0hg,rec_cobdesq5ojbselbdqra0
rec_cp2act34f9p514bqbk1g,rec_cobdfd4jmvif9dabl0hg,rec_cobdesq5ojbselbdqrb0
rec_cp2act76gfslia6ut200,rec_cobdfd4jmvif9dabl1ig,rec_cobdesq5ojbselbdqr8g
rec_cp2act76gfslia6ut20g,rec_cobdfd4jmvif9dabl1ig,rec_cobdesq5ojbselbdqrc0
rec_cp2act76gfslia6ut210,rec_cobdfd4jmvif9dabl1ig,rec_cobdesq5ojbselbdqrd0
rec_cp2act76gfslia6ut21g,rec_cobdfd4jmvif9dabl1ig,rec_cobdesq5ojbselbdqrdg
rec_cp2act76gfslia6ut220,rec_cobdfd4jmvif9dabl1ig,rec_cobdesq5ojbselbdqrf0
rec_cp2act76gfslia6ut22g,rec_cobdfd4jmvif9dabl1ig,rec_cobdesq5ojbselbdqrhg
rec_cp2act76gfslia6ut230,rec_cobdfd4jmvif9dabl1ig,rec_cobdesq5ojbselbdqrj0
rec_cp2act76gfslia6ut23g,rec_cobdfd4jmvif9dabl1ig,rec_cobdesq5ojbselbdqrkg
rec_cp2act76gfslia6ut240,rec_cobdfd4jmvif9dabl1ig,rec_cobdesq5ojbselbdqrlg
rec_cp2act76gfslia6ut24g,rec_cobdfd4jmvif9dabl1ig,rec_cobdesq5ojbselbdqrmg
rec_cp2act76gfslia6ut250,rec_cobdfd4jmvif9dabl1ig,rec_cobdesq5ojbselbdqrn0
rec_cp2act76gfslia6ut25g,rec_cobdfd4jmvif9dabl1ig,rec_cobdet25ojbselbdqrp0
rec_cp2act76gfslia6ut260,rec_cobdfd4jmvif9dabl1ig,rec_cobdet25ojbselbdqrr0
rec_cp2act76gfslia6ut26g,rec_cobdfd4jmvif9dabl1ig,rec_cobdet25ojbselbdqrsg
rec_cp2act76gfslia6ut270,rec_cobdfd4jmvif9dabl1ig,rec_cobdet25ojbselbdqrug
rec_cp2act76gfslia6ut27g,rec_cobdfd4jmvif9dabl1ig,rec_cobdet25ojbselbdqs00
rec_cp2act76gfslia6ut280,rec_cobdfd4jmvif9dabl1ig,rec_cp1qh7nvvv266bunkd0g
rec_cp2act76gfslia6ut290,rec_cobdfd4jmvif9dabl0hg,rec_cobdesq5ojbselbdqr40
rec_cp2act76gfslia6ut29g,rec_cobdfd4jmvif9dabl0hg,rec_cobdesq5ojbselbdqr8g
rec_cp2act76gfslia6ut2a0,rec_cobdfd4jmvif9dabl0hg,rec_cobdesq5ojbselbdqr7g
rec_cp2act76gfslia6ut2b0,rec_cobdfd4jmvif9dabl0hg,rec_cobdesq5ojbselbdqr70
rec_cp2act76gfslia6ut2bg,rec_cobdfd4jmvif9dabl0hg,rec_cobdesq5ojbselbdqr9g
rec_cp2act76gfslia6ut2c0,rec_cobdfd4jmvif9dabl0hg,rec_cobdesq5ojbselbdqrag
rec_cp2act7vvv266bunm8ug,rec_cobdfd4jmvif9dabl1ig,rec_cobdesq5ojbselbdqr6g
rec_cp2act7vvv266bunm8v0,rec_cobdfd4jmvif9dabl1ig,rec_cobdesq5ojbselbdqrb0
rec_cp2act7vvv266bunm8vg,rec_cobdfd4jmvif9dabl1ig,rec_cobdesq5ojbselbdqre0
rec_cp2act7vvv266bunm900,rec_cobdfd4jmvif9dabl1ig,rec_cobdesq5ojbselbdqrfg
rec_cp2act7vvv266bunm90g,rec_cobdfd4jmvif9dabl1ig,rec_cobdesq5ojbselbdqri0
rec_cp2act7vvv266bunm910,rec_cobdfd4jmvif9dabl1ig,rec_cobdesq5ojbselbdqrk0
rec_cp2act7vvv266bunm91g,rec_cobdfd4jmvif9dabl1ig,rec_cobdesq5ojbselbdqrl0
rec_cp2act7vvv266bunm920,rec_cobdfd4jmvif9dabl1ig,rec_cobdesq5ojbselbdqrng
rec_cp2act7vvv266bunm92g,rec_cobdfd4jmvif9dabl1ig,rec_cobdet25ojbselbdqrqg
rec_cp2act7vvv266bunm930,rec_cobdfd4jmvif9dabl1ig,rec_cobdet25ojbselbdqrs0
rec_cp2actb4f9p514bqbk2g,rec_cobdfd4jmvif9dabl110,rec_cobdesq5ojbselbdqr60
rec_cp2actb4f9p514bqbk30,rec_cobdfd4jmvif9dabl110,rec_cobdesq5ojbselbdqr8g
rec_cp2actb4f9p514bqbk40,rec_cobdfd4jmvif9dabl110,rec_cobdesq5ojbselbdqr90
rec_cp2actb4f9p514bqbk4g,rec_cobdfd4jmvif9dabl110,rec_cobdesq5ojbselbdqr9g
rec_cp2actb4f9p514bqbk50,rec_cobdfd4jmvif9dabl110,rec_cobdesq5ojbselbdqrag
rec_cp2actb4f9p514bqbk5g,rec_cobdfd4jmvif9dabl110,rec_cobdesq5ojbselbdqrb0
rec_cp2actb4f9p514bqbk60,rec_cobdfd4jmvif9dabl110,rec_cobdesq5ojbselbdqrcg
rec_cp2actb4f9p514bqbk6g,rec_cobdfd4jmvif9dabl110,rec_cobdesq5ojbselbdqrc0
rec_cp2actb4f9p514bqbk70,rec_cobdfd4jmvif9dabl110,rec_cobdesq5ojbselbdqrd0
rec_cp2actb4f9p514bqbk7g,rec_cobdfd4jmvif9dabl110,rec_cobdesq5ojbselbdqrfg
rec_cp2actb4f9p514bqbk80,rec_cobdfd4jmvif9dabl110,rec_cobdesq5ojbselbdqrgg
rec_cp2actb4f9p514bqbk8g,rec_cobdfd4jmvif9dabl110,rec_cobdesq5ojbselbdqrh0
rec_cp2actb4f9p514bqbk90,rec_cobdfd4jmvif9dabl110,rec_cobdesq5ojbselbdqrj0
rec_cp2actb4f9p514bqbk9g,rec_cobdfd4jmvif9dabl110,rec_cobdesq5ojbselbdqrhg
rec_cp2actb4f9p514bqbka0,rec_cobdfd4jmvif9dabl110,rec_cobdesq5ojbselbdqrkg
rec_cp2actb4f9p514bqbkag,rec_cobdfd4jmvif9dabl110,rec_cobdesq5ojbselbdqrm0
rec_cp2actb4f9p514bqbkb0,rec_cobdfd4jmvif9dabl110,rec_cobdesq5ojbselbdqrmg
rec_cp2actb4f9p514bqbkbg,rec_cobdfd4jmvif9dabl110,rec_cobdesq5ojbselbdqrlg
rec_cp2actb4f9p514bqbkc0,rec_cobdfd4jmvif9dabl110,rec_cobdesq5ojbselbdqrng
rec_cp2actb4f9p514bqbkcg,rec_cobdfd4jmvif9dabl110,rec_cobdesq5ojbselbdqrn0
rec_cp2actb4f9p514bqbkd0,rec_cobdfd4jmvif9dabl110,rec_cobdet25ojbselbdqro0
rec_cp2actb4f9p514bqbkdg,rec_cobdfd4jmvif9dabl110,rec_cobdet25ojbselbdqrr0
rec_cp2actb4f9p514bqbke0,rec_cobdfd4jmvif9dabl110,rec_cobdet25ojbselbdqrqg
rec_cp2actb4f9p514bqbkeg,rec_cobdfd4jmvif9dabl110,rec_cobdet25ojbselbdqrt0
rec_cp2actb4f9p514bqbkf0,rec_cobdfd4jmvif9dabl110,rec_cobdet25ojbselbdqrug
rec_cp2actb4f9p514bqbkfg,rec_cobdfd4jmvif9dabl110,rec_cobdet25ojbselbdqrs0
rec_cp2actb4f9p514bqbkg0,rec_cobdfd4jmvif9dabl110,rec_cobdet25ojbselbdqrvg
rec_cp2actb4f9p514bqbkgg,rec_cobdfd4jmvif9dabl110,rec_cobdet25ojbselbdqs00
rec_cp2actb4f9p514bqbkh0,rec_cobdfd4jmvif9dabl110,rec_cobdet25ojbselbdqs0g
rec_cp2actb4f9p514bqbkhg,rec_cobdfd4jmvif9dabl110,rec_cor0bpooepqha1jsmgpg
rec_cp2actb4f9p514bqbki0,rec_cobdfd4jmvif9dabl110,rec_cor05u8oepqha1jsmgo0
rec_cp2actb4f9p514bqbkj0,rec_cobdfd4jmvif9dabl1og,rec_cobdesq5ojbselbdqr30
rec_cp2actb4f9p514bqbkjg,rec_cobdfd4jmvif9dabl1og,rec_cobdesq5ojbselbdqr4g
rec_cp2actb4f9p514bqbkk0,rec_cobdfd4jmvif9dabl1og,rec_cobdesq5ojbselbdqr5g
rec_cp2actb4f9p514bqbkl0,rec_cobdfd4jmvif9dabl1og,rec_cobdesq5ojbselbdqr60
rec_cp2actb4f9p514bqbklg,rec_cobdfd4jmvif9dabl1og,rec_cobdesq5ojbselbdqr7g
rec_cp2actb4f9p514bqbkm0,rec_cobdfd4jmvif9dabl1og,rec_cobdesq5ojbselbdqr8g
rec_cp2actb4f9p514bqbkmg,rec_cobdfd4jmvif9dabl1og,rec_cobdesq5ojbselbdqra0
rec_cp2actb4f9p514bqbkn0,rec_cobdfd4jmvif9dabl1og,rec_cobdesq5ojbselbdqrag
rec_cp2actb4f9p514bqbkng,rec_cobdfd4jmvif9dabl1og,rec_cobdesq5ojbselbdqrb0
rec_cp2actf6gfslia6ut2cg,rec_cobdfd4jmvif9dabl110,rec_cobdesq5ojbselbdqr70
rec_cp2actf6gfslia6ut2d0,rec_cobdfd4jmvif9dabl110,rec_cobdesq5ojbselbdqr50
rec_cp2actf6gfslia6ut2dg,rec_cobdfd4jmvif9dabl110,rec_cobdesq5ojbselbdqr6g
rec_cp2actf6gfslia6ut2e0,rec_cobdfd4jmvif9dabl110,rec_cobdesq5ojbselbdqra0
rec_cp2actf6gfslia6ut2eg,rec_cobdfd4jmvif9dabl110,rec_cobdesq5ojbselbdqrbg
rec_cp2actf6gfslia6ut2f0,rec_cobdfd4jmvif9dabl110,rec_cobdesq5ojbselbdqre0
rec_cp2actf6gfslia6ut2fg,rec_cobdfd4jmvif9dabl110,rec_cobdesq5ojbselbdqreg
rec_cp2actf6gfslia6ut2g0,rec_cobdfd4jmvif9dabl110,rec_cobdesq5ojbselbdqrf0
rec_cp2actf6gfslia6ut2gg,rec_cobdfd4jmvif9dabl110,rec_cobdesq5ojbselbdqrg0
rec_cp2actf6gfslia6ut2h0,rec_cobdfd4jmvif9dabl110,rec_cobdesq5ojbselbdqrig
rec_cp2actf6gfslia6ut2hg,rec_cobdfd4jmvif9dabl110,rec_cobdesq5ojbselbdqrjg
rec_cp2actf6gfslia6ut2i0,rec_cobdfd4jmvif9dabl110,rec_cobdet25ojbselbdqrog
rec_cp2actf6gfslia6ut2ig,rec_cobdfd4jmvif9dabl110,rec_cobdet25ojbselbdqrq0
rec_cp2actf6gfslia6ut2j0,rec_cobdfd4jmvif9dabl110,rec_cobdet25ojbselbdqrsg
rec_cp2actf6gfslia6ut2jg,rec_cobdfd4jmvif9dabl110,rec_cobdet25ojbselbdqru0
rec_cp2actf6gfslia6ut2k0,rec_cobdfd4jmvif9dabl110,rec_cobdet25ojbselbdqrv0
rec_cp2actf6gfslia6ut2kg,rec_cobdfd4jmvif9dabl1og,rec_cobdesq5ojbselbdqr3g
rec_cp2actf6gfslia6ut2l0,rec_cobdfd4jmvif9dabl110,rec_cp1qh7nvvv266bunkd0g
rec_cp2actf6gfslia6ut2lg,rec_cobdfd4jmvif9dabl1og,rec_cobdesq5ojbselbdqr40
rec_cp2actf6gfslia6ut2m0,rec_cobdfd4jmvif9dabl1og,rec_cobdesq5ojbselbdqr50
rec_cp2actf6gfslia6ut2n0,rec_cobdfd4jmvif9dabl1og,rec_cobdesq5ojbselbdqr90
rec_cp2actf6gfslia6ut2ng,rec_cobdfd4jmvif9dabl1og,rec_cobdesq5ojbselbdqr9g
rec_cp2actfvvv266bunm93g,rec_cobdfd4jmvif9dabl110,rec_cobdesq5ojbselbdqrdg
rec_cp2actfvvv266bunm940,rec_cobdfd4jmvif9dabl110,rec_cobdesq5ojbselbdqri0
rec_cp2actfvvv266bunm94g,rec_cobdfd4jmvif9dabl110,rec_cobdesq5ojbselbdqrk0
rec_cp2actfvvv266bunm950,rec_cobdfd4jmvif9dabl110,rec_cobdesq5ojbselbdqrl0
rec_cp2actfvvv266bunm95g,rec_cobdfd4jmvif9dabl110,rec_cobdet25ojbselbdqrp0
rec_cp2actfvvv266bunm960,rec_cobdfd4jmvif9dabl110,rec_cobdet25ojbselbdqrrg
rec_cp2actfvvv266bunm96g,rec_cobdfd4jmvif9dabl110,rec_cobdet25ojbselbdqrtg
rec_cp2actfvvv266bunm970,rec_cobdfd4jmvif9dabl1og,rec_cobdesq5ojbselbdqr6g
rec_crfohn3sejr8r2rhop5g,rec_cqvbg98lcojovqh6jan0,rec_cra5utm2au65ds841ulg
rec_crfoie97led4pu5tnq9g,rec_cq9kkr4aqhjk0lmoiim0,rec_cra5utm2au65ds841ulg
rec_crfoikh7led4pu5tnqa0,rec_cobdfd4jmvif9dabl0t0,rec_cra5utm2au65ds841ulg
