id,testimony,topic
rec_cocs13t23jsre5gha9j0,rec_cocrpk523jsre5gha9c0,rec_cobdesq5ojbselbdqr2g
rec_cocs13t23jsre5gha9jg,rec_cocrpk523jsre5gha9cg,rec_cobdesq5ojbselbdqr2g
rec_cocs13t23jsre5gha9k0,rec_cocrpk523jsre5gha9d0,rec_cobdesq5ojbselbdqr2g
rec_cocs13t23jsre5gha9kg,rec_cocrpk523jsre5gha9dg,rec_cobdesq5ojbselbdqr2g
rec_cocs13t23jsre5gha9l0,rec_cocrpk523jsre5gha9e0,rec_cobdesq5ojbselbdqr2g
rec_cocs13t23jsre5gha9lg,rec_cocrpk523jsre5gha9eg,rec_cobdesq5ojbselbdqr2g
rec_cocs13t23jsre5gha9m0,rec_cocrpk523jsre5gha9f0,rec_cobdesq5ojbselbdqr2g
rec_cocs13t23jsre5gha9mg,rec_cocrpk523jsre5gha9fg,rec_cobdesq5ojbselbdqr2g
rec_cocs13t23jsre5gha9n0,rec_cocrpk523jsre5gha9g0,rec_cobdesq5ojbselbdqr2g
rec_cocs13t23jsre5gha9ng,rec_cocrpk523jsre5gha9gg,rec_cobdesq5ojbselbdqr2g
rec_cocs13t23jsre5gha9o0,rec_cocrpk523jsre5gha9h0,rec_cobdesq5ojbselbdqr2g
rec_cocs13t23jsre5gha9og,rec_cocrpk523jsre5gha9hg,rec_cobdesq5ojbselbdqr2g
rec_cocs13t23jsre5gha9p0,rec_cocrpk523jsre5gha9c0,rec_cobdesq5ojbselbdqr30
rec_cocs13t23jsre5gha9pg,rec_cocrpk523jsre5gha9cg,rec_cobdesq5ojbselbdqr30
rec_cocs13t23jsre5gha9q0,rec_cocrpk523jsre5gha9d0,rec_cobdesq5ojbselbdqr30
rec_cocs13t23jsre5gha9qg,rec_cocrpk523jsre5gha9dg,rec_cobdesq5ojbselbdqr30
rec_cocs13t23jsre5gha9r0,rec_cocrpk523jsre5gha9e0,rec_cobdesq5ojbselbdqr30
rec_cocs13t23jsre5gha9rg,rec_cocrpk523jsre5gha9eg,rec_cobdesq5ojbselbdqr30
rec_cocs13t23jsre5gha9s0,rec_cocrpk523jsre5gha9f0,rec_cobdesq5ojbselbdqr30
rec_cocs13t23jsre5gha9sg,rec_cocrpk523jsre5gha9fg,rec_cobdesq5ojbselbdqr30
rec_cocs13t23jsre5gha9t0,rec_cocrpk523jsre5gha9g0,rec_cobdesq5ojbselbdqr30
rec_cocs13t23jsre5gha9tg,rec_cocrpk523jsre5gha9gg,rec_cobdesq5ojbselbdqr30
rec_cocs13t23jsre5gha9u0,rec_cocrpk523jsre5gha9h0,rec_cobdesq5ojbselbdqr30
rec_cocs13t23jsre5gha9ug,rec_cocrpk523jsre5gha9hg,rec_cobdesq5ojbselbdqr30
rec_cocs13t23jsre5gha9v0,rec_cocrpk523jsre5gha9c0,rec_cobdesq5ojbselbdqr3g
rec_cocs13t23jsre5gha9vg,rec_cocrpk523jsre5gha9cg,rec_cobdesq5ojbselbdqr3g
rec_cocs13t23jsre5ghaa00,rec_cocrpk523jsre5gha9d0,rec_cobdesq5ojbselbdqr3g
rec_cocs13t23jsre5ghaa0g,rec_cocrpk523jsre5gha9dg,rec_cobdesq5ojbselbdqr3g
rec_cocs13t23jsre5ghaa10,rec_cocrpk523jsre5gha9e0,rec_cobdesq5ojbselbdqr3g
rec_cocs13t23jsre5ghaa1g,rec_cocrpk523jsre5gha9eg,rec_cobdesq5ojbselbdqr3g
rec_cocs13t23jsre5ghaa20,rec_cocrpk523jsre5gha9f0,rec_cobdesq5ojbselbdqr3g
rec_cocs13t23jsre5ghaa2g,rec_cocrpk523jsre5gha9fg,rec_cobdesq5ojbselbdqr3g
rec_cocs13t23jsre5ghaa30,rec_cocrpk523jsre5gha9g0,rec_cobdesq5ojbselbdqr3g
rec_cocs13t23jsre5ghaa3g,rec_cocrpk523jsre5gha9gg,rec_cobdesq5ojbselbdqr3g
rec_cocs13t23jsre5ghaa40,rec_cocrpk523jsre5gha9h0,rec_cobdesq5ojbselbdqr3g
rec_cocs13t23jsre5ghaa4g,rec_cocrpk523jsre5gha9hg,rec_cobdesq5ojbselbdqr3g
rec_cocs13t23jsre5ghaa50,rec_cocrpk523jsre5gha9c0,rec_cobdet25ojbselbdqrsg
rec_cocs13t23jsre5ghaa5g,rec_cocrpk523jsre5gha9cg,rec_cobdet25ojbselbdqrsg
rec_cocs13t23jsre5ghaa60,rec_cocrpk523jsre5gha9d0,rec_cobdet25ojbselbdqrsg
rec_cocs13t23jsre5ghaa6g,rec_cocrpk523jsre5gha9dg,rec_cobdet25ojbselbdqrsg
rec_cocs13t23jsre5ghaa70,rec_cocrpk523jsre5gha9e0,rec_cobdet25ojbselbdqrsg
rec_cocs13t23jsre5ghaa7g,rec_cocrpk523jsre5gha9eg,rec_cobdet25ojbselbdqrsg
rec_cocs13t23jsre5ghaa80,rec_cocrpk523jsre5gha9f0,rec_cobdet25ojbselbdqrsg
rec_cocs13t23jsre5ghaa8g,rec_cocrpk523jsre5gha9fg,rec_cobdet25ojbselbdqrsg
rec_cocs13t23jsre5ghaa90,rec_cocrpk523jsre5gha9g0,rec_cobdet25ojbselbdqrsg
rec_cocs13t23jsre5ghaa9g,rec_cocrpk523jsre5gha9gg,rec_cobdet25ojbselbdqrsg
rec_cocs13t23jsre5ghaaa0,rec_cocrpk523jsre5gha9h0,rec_cobdet25ojbselbdqrsg
rec_cocs13t23jsre5ghaaag,rec_cocrpk523jsre5gha9hg,rec_cobdet25ojbselbdqrsg
rec_cocs13t23jsre5ghaab0,rec_cocrpk523jsre5gha9c0,rec_cobdesq5ojbselbdqr40
rec_cocs13t23jsre5ghaabg,rec_cocrpk523jsre5gha9cg,rec_cobdesq5ojbselbdqr40
rec_cocs13t23jsre5ghaac0,rec_cocrpk523jsre5gha9d0,rec_cobdesq5ojbselbdqr40
rec_cocs13t23jsre5ghaacg,rec_cocrpk523jsre5gha9dg,rec_cobdesq5ojbselbdqr40
rec_cocs13t23jsre5ghaad0,rec_cocrpk523jsre5gha9e0,rec_cobdesq5ojbselbdqr40
rec_cocs13t23jsre5ghaadg,rec_cocrpk523jsre5gha9eg,rec_cobdesq5ojbselbdqr40
rec_cocs13t23jsre5ghaae0,rec_cocrpk523jsre5gha9f0,rec_cobdesq5ojbselbdqr40
rec_cocs13t23jsre5ghaaeg,rec_cocrpk523jsre5gha9fg,rec_cobdesq5ojbselbdqr40
rec_cocs13t23jsre5ghaaf0,rec_cocrpk523jsre5gha9g0,rec_cobdesq5ojbselbdqr40
rec_cocs13t23jsre5ghaafg,rec_cocrpk523jsre5gha9gg,rec_cobdesq5ojbselbdqr40
rec_cocs13t23jsre5ghaag0,rec_cocrpk523jsre5gha9h0,rec_cobdesq5ojbselbdqr40
rec_cocs13t23jsre5ghaagg,rec_cocrpk523jsre5gha9hg,rec_cobdesq5ojbselbdqr40
rec_cocs13t23jsre5ghaah0,rec_cocrpk523jsre5gha9c0,rec_cobdesq5ojbselbdqr4g
rec_cocs13t23jsre5ghaahg,rec_cocrpk523jsre5gha9cg,rec_cobdesq5ojbselbdqr4g
rec_cocs13t23jsre5ghaai0,rec_cocrpk523jsre5gha9d0,rec_cobdesq5ojbselbdqr4g
rec_cocs13t23jsre5ghaaig,rec_cocrpk523jsre5gha9dg,rec_cobdesq5ojbselbdqr4g
rec_cocs13t23jsre5ghaaj0,rec_cocrpk523jsre5gha9e0,rec_cobdesq5ojbselbdqr4g
rec_cocs13t23jsre5ghaajg,rec_cocrpk523jsre5gha9eg,rec_cobdesq5ojbselbdqr4g
rec_cocs13t23jsre5ghaak0,rec_cocrpk523jsre5gha9f0,rec_cobdesq5ojbselbdqr4g
rec_cocs13t23jsre5ghaakg,rec_cocrpk523jsre5gha9fg,rec_cobdesq5ojbselbdqr4g
rec_cocs13t23jsre5ghaal0,rec_cocrpk523jsre5gha9g0,rec_cobdesq5ojbselbdqr4g
rec_cocs13t23jsre5ghaalg,rec_cocrpk523jsre5gha9gg,rec_cobdesq5ojbselbdqr4g
rec_cocs13t23jsre5ghaam0,rec_cocrpk523jsre5gha9h0,rec_cobdesq5ojbselbdqr4g
rec_cocs13t23jsre5ghaamg,rec_cocrpk523jsre5gha9hg,rec_cobdesq5ojbselbdqr4g
rec_cocs13t23jsre5ghaan0,rec_cocrpk523jsre5gha9c0,rec_cobdesq5ojbselbdqr50
rec_cocs13t23jsre5ghaang,rec_cocrpk523jsre5gha9cg,rec_cobdesq5ojbselbdqr50
rec_cocs13t23jsre5ghaao0,rec_cocrpk523jsre5gha9d0,rec_cobdesq5ojbselbdqr50
rec_cocs13t23jsre5ghaaog,rec_cocrpk523jsre5gha9dg,rec_cobdesq5ojbselbdqr50
rec_cocs13t23jsre5ghaap0,rec_cocrpk523jsre5gha9e0,rec_cobdesq5ojbselbdqr50
rec_cocs13t23jsre5ghaapg,rec_cocrpk523jsre5gha9eg,rec_cobdesq5ojbselbdqr50
rec_cocs13t23jsre5ghaaq0,rec_cocrpk523jsre5gha9f0,rec_cobdesq5ojbselbdqr50
rec_cocs13t23jsre5ghaaqg,rec_cocrpk523jsre5gha9fg,rec_cobdesq5ojbselbdqr50
rec_cocs13t23jsre5ghaar0,rec_cocrpk523jsre5gha9g0,rec_cobdesq5ojbselbdqr50
rec_cocs13t23jsre5ghaarg,rec_cocrpk523jsre5gha9gg,rec_cobdesq5ojbselbdqr50
rec_cocs13t23jsre5ghaas0,rec_cocrpk523jsre5gha9h0,rec_cobdesq5ojbselbdqr50
rec_cocs13t23jsre5ghaasg,rec_cocrpk523jsre5gha9hg,rec_cobdesq5ojbselbdqr50
rec_cocs13t23jsre5ghaat0,rec_cocrpk523jsre5gha9c0,rec_cobdesq5ojbselbdqr5g
rec_cocs13t23jsre5ghaatg,rec_cocrpk523jsre5gha9cg,rec_cobdesq5ojbselbdqr5g
rec_cocs13t23jsre5ghaau0,rec_cocrpk523jsre5gha9d0,rec_cobdesq5ojbselbdqr5g
rec_cocs13t23jsre5ghaaug,rec_cocrpk523jsre5gha9dg,rec_cobdesq5ojbselbdqr5g
rec_cocs13t23jsre5ghaav0,rec_cocrpk523jsre5gha9e0,rec_cobdesq5ojbselbdqr5g
rec_cocs13t23jsre5ghaavg,rec_cocrpk523jsre5gha9eg,rec_cobdesq5ojbselbdqr5g
rec_cocs13t23jsre5ghab00,rec_cocrpk523jsre5gha9f0,rec_cobdesq5ojbselbdqr5g
rec_cocs13t23jsre5ghab0g,rec_cocrpk523jsre5gha9fg,rec_cobdesq5ojbselbdqr5g
rec_cocs13t23jsre5ghab10,rec_cocrpk523jsre5gha9g0,rec_cobdesq5ojbselbdqr5g
rec_cocs13t23jsre5ghab1g,rec_cocrpk523jsre5gha9gg,rec_cobdesq5ojbselbdqr5g
rec_cocs13t23jsre5ghab20,rec_cocrpk523jsre5gha9h0,rec_cobdesq5ojbselbdqr5g
rec_cocs13t23jsre5ghab2g,rec_cocrpk523jsre5gha9hg,rec_cobdesq5ojbselbdqr5g
rec_cocs13t23jsre5ghab30,rec_cocrpk523jsre5gha9c0,rec_cobdesq5ojbselbdqr60
rec_cocs13t23jsre5ghab3g,rec_cocrpk523jsre5gha9cg,rec_cobdesq5ojbselbdqr60
rec_cocs13t23jsre5ghab40,rec_cocrpk523jsre5gha9d0,rec_cobdesq5ojbselbdqr60
rec_cocs13t23jsre5ghab4g,rec_cocrpk523jsre5gha9dg,rec_cobdesq5ojbselbdqr60
rec_cocs13t23jsre5ghab50,rec_cocrpk523jsre5gha9e0,rec_cobdesq5ojbselbdqr60
rec_cocs13t23jsre5ghab5g,rec_cocrpk523jsre5gha9eg,rec_cobdesq5ojbselbdqr60
rec_cocs13t23jsre5ghab60,rec_cocrpk523jsre5gha9f0,rec_cobdesq5ojbselbdqr60
rec_cocs13t23jsre5ghab6g,rec_cocrpk523jsre5gha9fg,rec_cobdesq5ojbselbdqr60
rec_cocs13t23jsre5ghab70,rec_cocrpk523jsre5gha9g0,rec_cobdesq5ojbselbdqr60
rec_cocs13t23jsre5ghab7g,rec_cocrpk523jsre5gha9gg,rec_cobdesq5ojbselbdqr60
rec_cocs13t23jsre5ghab80,rec_cocrpk523jsre5gha9h0,rec_cobdesq5ojbselbdqr60
rec_cocs13t23jsre5ghab8g,rec_cocrpk523jsre5gha9hg,rec_cobdesq5ojbselbdqr60
rec_cocs13t23jsre5ghab90,rec_cocrpk523jsre5gha9c0,rec_cobdesq5ojbselbdqr6g
rec_cocs13t23jsre5ghab9g,rec_cocrpk523jsre5gha9cg,rec_cobdesq5ojbselbdqr6g
rec_cocs13t23jsre5ghaba0,rec_cocrpk523jsre5gha9d0,rec_cobdesq5ojbselbdqr6g
rec_cocs13t23jsre5ghabag,rec_cocrpk523jsre5gha9dg,rec_cobdesq5ojbselbdqr6g
rec_cocs13t23jsre5ghabb0,rec_cocrpk523jsre5gha9e0,rec_cobdesq5ojbselbdqr6g
rec_cocs13t23jsre5ghabbg,rec_cocrpk523jsre5gha9eg,rec_cobdesq5ojbselbdqr6g
rec_cocs13t23jsre5ghabc0,rec_cocrpk523jsre5gha9f0,rec_cobdesq5ojbselbdqr6g
rec_cocs13t23jsre5ghabcg,rec_cocrpk523jsre5gha9fg,rec_cobdesq5ojbselbdqr6g
rec_cocs13t23jsre5ghabd0,rec_cocrpk523jsre5gha9g0,rec_cobdesq5ojbselbdqr6g
rec_cocs13t23jsre5ghabdg,rec_cocrpk523jsre5gha9gg,rec_cobdesq5ojbselbdqr6g
rec_cocs13t23jsre5ghabe0,rec_cocrpk523jsre5gha9h0,rec_cobdesq5ojbselbdqr6g
rec_cocs13t23jsre5ghabeg,rec_cocrpk523jsre5gha9hg,rec_cobdesq5ojbselbdqr6g
rec_cocs13t23jsre5ghabf0,rec_cocrpk523jsre5gha9c0,rec_cobdesq5ojbselbdqr70
rec_cocs13t23jsre5ghabfg,rec_cocrpk523jsre5gha9cg,rec_cobdesq5ojbselbdqr70
rec_cocs13t23jsre5ghabg0,rec_cocrpk523jsre5gha9d0,rec_cobdesq5ojbselbdqr70
rec_cocs13t23jsre5ghabgg,rec_cocrpk523jsre5gha9dg,rec_cobdesq5ojbselbdqr70
rec_cocs13t23jsre5ghabh0,rec_cocrpk523jsre5gha9e0,rec_cobdesq5ojbselbdqr70
rec_cocs13t23jsre5ghabhg,rec_cocrpk523jsre5gha9eg,rec_cobdesq5ojbselbdqr70
rec_cocs13t23jsre5ghabi0,rec_cocrpk523jsre5gha9f0,rec_cobdesq5ojbselbdqr70
rec_cocs13t23jsre5ghabig,rec_cocrpk523jsre5gha9fg,rec_cobdesq5ojbselbdqr70
rec_cocs13t23jsre5ghabj0,rec_cocrpk523jsre5gha9g0,rec_cobdesq5ojbselbdqr70
rec_cocs13t23jsre5ghabjg,rec_cocrpk523jsre5gha9gg,rec_cobdesq5ojbselbdqr70
rec_cocs13t23jsre5ghabk0,rec_cocrpk523jsre5gha9h0,rec_cobdesq5ojbselbdqr70
rec_cocs13t23jsre5ghabkg,rec_cocrpk523jsre5gha9hg,rec_cobdesq5ojbselbdqr70
rec_cocs13t23jsre5ghabl0,rec_cocrpk523jsre5gha9c0,rec_cobdet25ojbselbdqs0g
rec_cocs13t23jsre5ghablg,rec_cocrpk523jsre5gha9cg,rec_cobdet25ojbselbdqs0g
rec_cocs13t23jsre5ghabm0,rec_cocrpk523jsre5gha9d0,rec_cobdet25ojbselbdqs0g
rec_cocs13t23jsre5ghabmg,rec_cocrpk523jsre5gha9dg,rec_cobdet25ojbselbdqs0g
rec_cocs13t23jsre5ghabn0,rec_cocrpk523jsre5gha9e0,rec_cobdet25ojbselbdqs0g
rec_cocs13t23jsre5ghabng,rec_cocrpk523jsre5gha9eg,rec_cobdet25ojbselbdqs0g
rec_cocs13t23jsre5ghabo0,rec_cocrpk523jsre5gha9f0,rec_cobdet25ojbselbdqs0g
rec_cocs13t23jsre5ghabog,rec_cocrpk523jsre5gha9fg,rec_cobdet25ojbselbdqs0g
rec_cocs13t23jsre5ghabp0,rec_cocrpk523jsre5gha9g0,rec_cobdet25ojbselbdqs0g
rec_cocs13t23jsre5ghabpg,rec_cocrpk523jsre5gha9gg,rec_cobdet25ojbselbdqs0g
rec_cocs13t23jsre5ghabq0,rec_cocrpk523jsre5gha9h0,rec_cobdet25ojbselbdqs0g
rec_cocs13t23jsre5ghabqg,rec_cocrpk523jsre5gha9hg,rec_cobdet25ojbselbdqs0g
rec_cocs13t23jsre5ghabr0,rec_cocrpk523jsre5gha9c0,rec_cobdet25ojbselbdqrrg
rec_cocs13t23jsre5ghabrg,rec_cocrpk523jsre5gha9cg,rec_cobdet25ojbselbdqrrg
rec_cocs13t23jsre5ghabs0,rec_cocrpk523jsre5gha9d0,rec_cobdet25ojbselbdqrrg
rec_cocs13t23jsre5ghabsg,rec_cocrpk523jsre5gha9dg,rec_cobdet25ojbselbdqrrg
rec_cocs13t23jsre5ghabt0,rec_cocrpk523jsre5gha9e0,rec_cobdet25ojbselbdqrrg
rec_cocs13t23jsre5ghabtg,rec_cocrpk523jsre5gha9eg,rec_cobdet25ojbselbdqrrg
rec_cocs13t23jsre5ghabu0,rec_cocrpk523jsre5gha9f0,rec_cobdet25ojbselbdqrrg
rec_cocs13t23jsre5ghabug,rec_cocrpk523jsre5gha9fg,rec_cobdet25ojbselbdqrrg
rec_cocs13t23jsre5ghabv0,rec_cocrpk523jsre5gha9g0,rec_cobdet25ojbselbdqrrg
rec_cocs13t23jsre5ghabvg,rec_cocrpk523jsre5gha9gg,rec_cobdet25ojbselbdqrrg
rec_cocs13t23jsre5ghac00,rec_cocrpk523jsre5gha9h0,rec_cobdet25ojbselbdqrrg
rec_cocs13t23jsre5ghac0g,rec_cocrpk523jsre5gha9hg,rec_cobdet25ojbselbdqrrg
rec_cocs13t23jsre5ghac10,rec_cocrpk523jsre5gha9c0,rec_cobdesq5ojbselbdqr7g
rec_cocs13t23jsre5ghac1g,rec_cocrpk523jsre5gha9cg,rec_cobdesq5ojbselbdqr7g
rec_cocs13t23jsre5ghac20,rec_cocrpk523jsre5gha9d0,rec_cobdesq5ojbselbdqr7g
rec_cocs13t23jsre5ghac2g,rec_cocrpk523jsre5gha9dg,rec_cobdesq5ojbselbdqr7g
rec_cocs13t23jsre5ghac30,rec_cocrpk523jsre5gha9e0,rec_cobdesq5ojbselbdqr7g
rec_cocs13t23jsre5ghac3g,rec_cocrpk523jsre5gha9eg,rec_cobdesq5ojbselbdqr7g
rec_cocs13t23jsre5ghac40,rec_cocrpk523jsre5gha9f0,rec_cobdesq5ojbselbdqr7g
rec_cocs13t23jsre5ghac4g,rec_cocrpk523jsre5gha9fg,rec_cobdesq5ojbselbdqr7g
rec_cocs13t23jsre5ghac50,rec_cocrpk523jsre5gha9g0,rec_cobdesq5ojbselbdqr7g
rec_cocs13t23jsre5ghac5g,rec_cocrpk523jsre5gha9gg,rec_cobdesq5ojbselbdqr7g
rec_cocs13t23jsre5ghac60,rec_cocrpk523jsre5gha9h0,rec_cobdesq5ojbselbdqr7g
rec_cocs13t23jsre5ghac6g,rec_cocrpk523jsre5gha9hg,rec_cobdesq5ojbselbdqr7g
rec_cocs13t23jsre5ghac70,rec_cocrpk523jsre5gha9c0,rec_cobdesq5ojbselbdqr80
rec_cocs13t23jsre5ghac7g,rec_cocrpk523jsre5gha9cg,rec_cobdesq5ojbselbdqr80
rec_cocs13t23jsre5ghac80,rec_cocrpk523jsre5gha9d0,rec_cobdesq5ojbselbdqr80
rec_cocs13t23jsre5ghac8g,rec_cocrpk523jsre5gha9dg,rec_cobdesq5ojbselbdqr80
rec_cocs13t23jsre5ghac90,rec_cocrpk523jsre5gha9e0,rec_cobdesq5ojbselbdqr80
rec_cocs13t23jsre5ghac9g,rec_cocrpk523jsre5gha9eg,rec_cobdesq5ojbselbdqr80
rec_cocs13t23jsre5ghaca0,rec_cocrpk523jsre5gha9f0,rec_cobdesq5ojbselbdqr80
rec_cocs13t23jsre5ghacag,rec_cocrpk523jsre5gha9fg,rec_cobdesq5ojbselbdqr80
rec_cocs13t23jsre5ghacb0,rec_cocrpk523jsre5gha9g0,rec_cobdesq5ojbselbdqr80
rec_cocs13t23jsre5ghacbg,rec_cocrpk523jsre5gha9gg,rec_cobdesq5ojbselbdqr80
rec_cocs13t23jsre5ghacc0,rec_cocrpk523jsre5gha9h0,rec_cobdesq5ojbselbdqr80
rec_cocs13t23jsre5ghaccg,rec_cocrpk523jsre5gha9hg,rec_cobdesq5ojbselbdqr80
rec_cocs13t23jsre5ghacd0,rec_cocrpk523jsre5gha9c0,rec_cobdet25ojbselbdqs00
rec_cocs13t23jsre5ghacdg,rec_cocrpk523jsre5gha9cg,rec_cobdet25ojbselbdqs00
rec_cocs13t23jsre5ghace0,rec_cocrpk523jsre5gha9d0,rec_cobdet25ojbselbdqs00
rec_cocs13t23jsre5ghaceg,rec_cocrpk523jsre5gha9dg,rec_cobdet25ojbselbdqs00
rec_cocs13t23jsre5ghacf0,rec_cocrpk523jsre5gha9e0,rec_cobdet25ojbselbdqs00
rec_cocs13t23jsre5ghacfg,rec_cocrpk523jsre5gha9eg,rec_cobdet25ojbselbdqs00
rec_cocs13t23jsre5ghacg0,rec_cocrpk523jsre5gha9f0,rec_cobdet25ojbselbdqs00
rec_cocs13t23jsre5ghacgg,rec_cocrpk523jsre5gha9fg,rec_cobdet25ojbselbdqs00
rec_cocs13t23jsre5ghach0,rec_cocrpk523jsre5gha9g0,rec_cobdet25ojbselbdqs00
rec_cocs13t23jsre5ghachg,rec_cocrpk523jsre5gha9gg,rec_cobdet25ojbselbdqs00
rec_cocs13t23jsre5ghaci0,rec_cocrpk523jsre5gha9h0,rec_cobdet25ojbselbdqs00
rec_cocs13t23jsre5ghacig,rec_cocrpk523jsre5gha9hg,rec_cobdet25ojbselbdqs00
rec_cocs13t23jsre5ghacj0,rec_cocrpk523jsre5gha9c0,rec_cobdet25ojbselbdqrtg
rec_cocs13t23jsre5ghacjg,rec_cocrpk523jsre5gha9cg,rec_cobdet25ojbselbdqrtg
rec_cocs13t23jsre5ghack0,rec_cocrpk523jsre5gha9d0,rec_cobdet25ojbselbdqrtg
rec_cocs13t23jsre5ghackg,rec_cocrpk523jsre5gha9dg,rec_cobdet25ojbselbdqrtg
rec_cocs13t23jsre5ghacl0,rec_cocrpk523jsre5gha9e0,rec_cobdet25ojbselbdqrtg
rec_cocs13t23jsre5ghaclg,rec_cocrpk523jsre5gha9eg,rec_cobdet25ojbselbdqrtg
rec_cocs13t23jsre5ghacm0,rec_cocrpk523jsre5gha9f0,rec_cobdet25ojbselbdqrtg
rec_cocs13t23jsre5ghacmg,rec_cocrpk523jsre5gha9fg,rec_cobdet25ojbselbdqrtg
rec_cocs13t23jsre5ghacn0,rec_cocrpk523jsre5gha9g0,rec_cobdet25ojbselbdqrtg
rec_cocs13t23jsre5ghacng,rec_cocrpk523jsre5gha9gg,rec_cobdet25ojbselbdqrtg
rec_cocs13t23jsre5ghaco0,rec_cocrpk523jsre5gha9h0,rec_cobdet25ojbselbdqrtg
rec_cocs13t23jsre5ghacog,rec_cocrpk523jsre5gha9hg,rec_cobdet25ojbselbdqrtg
rec_cocs13t23jsre5ghacp0,rec_cocrpk523jsre5gha9c0,rec_cobdet25ojbselbdqrv0
rec_cocs13t23jsre5ghacpg,rec_cocrpk523jsre5gha9cg,rec_cobdet25ojbselbdqrv0
rec_cocs13t23jsre5ghacq0,rec_cocrpk523jsre5gha9d0,rec_cobdet25ojbselbdqrv0
rec_cocs13t23jsre5ghacqg,rec_cocrpk523jsre5gha9dg,rec_cobdet25ojbselbdqrv0
rec_cocs13t23jsre5ghacr0,rec_cocrpk523jsre5gha9e0,rec_cobdet25ojbselbdqrv0
rec_cocs13t23jsre5ghacrg,rec_cocrpk523jsre5gha9eg,rec_cobdet25ojbselbdqrv0
rec_cocs13t23jsre5ghacs0,rec_cocrpk523jsre5gha9f0,rec_cobdet25ojbselbdqrv0
rec_cocs13t23jsre5ghacsg,rec_cocrpk523jsre5gha9fg,rec_cobdet25ojbselbdqrv0
rec_cocs13t23jsre5ghact0,rec_cocrpk523jsre5gha9g0,rec_cobdet25ojbselbdqrv0
rec_cocs13t23jsre5ghactg,rec_cocrpk523jsre5gha9gg,rec_cobdet25ojbselbdqrv0
rec_cocs13t23jsre5ghacu0,rec_cocrpk523jsre5gha9h0,rec_cobdet25ojbselbdqrv0
rec_cocs13t23jsre5ghacug,rec_cocrpk523jsre5gha9hg,rec_cobdet25ojbselbdqrv0
rec_cocs13t23jsre5ghacv0,rec_cocrpk523jsre5gha9c0,rec_cobdesq5ojbselbdqr8g
rec_cocs13t23jsre5ghacvg,rec_cocrpk523jsre5gha9cg,rec_cobdesq5ojbselbdqr8g
rec_cocs13t23jsre5ghad00,rec_cocrpk523jsre5gha9d0,rec_cobdesq5ojbselbdqr8g
rec_cocs13t23jsre5ghad0g,rec_cocrpk523jsre5gha9dg,rec_cobdesq5ojbselbdqr8g
rec_cocs13t23jsre5ghad10,rec_cocrpk523jsre5gha9e0,rec_cobdesq5ojbselbdqr8g
rec_cocs13t23jsre5ghad1g,rec_cocrpk523jsre5gha9eg,rec_cobdesq5ojbselbdqr8g
rec_cocs13t23jsre5ghad20,rec_cocrpk523jsre5gha9f0,rec_cobdesq5ojbselbdqr8g
rec_cocs13t23jsre5ghad2g,rec_cocrpk523jsre5gha9fg,rec_cobdesq5ojbselbdqr8g
rec_cocs13t23jsre5ghad30,rec_cocrpk523jsre5gha9g0,rec_cobdesq5ojbselbdqr8g
rec_cocs13t23jsre5ghad3g,rec_cocrpk523jsre5gha9gg,rec_cobdesq5ojbselbdqr8g
rec_cocs13t23jsre5ghad40,rec_cocrpk523jsre5gha9h0,rec_cobdesq5ojbselbdqr8g
rec_cocs13t23jsre5ghad4g,rec_cocrpk523jsre5gha9hg,rec_cobdesq5ojbselbdqr8g
rec_cocs13t23jsre5ghad50,rec_cocrpk523jsre5gha9c0,rec_cobdet25ojbselbdqrs0
rec_cocs13t23jsre5ghad5g,rec_cocrpk523jsre5gha9cg,rec_cobdet25ojbselbdqrs0
rec_cocs13t23jsre5ghad60,rec_cocrpk523jsre5gha9d0,rec_cobdet25ojbselbdqrs0
rec_cocs13t23jsre5ghad6g,rec_cocrpk523jsre5gha9dg,rec_cobdet25ojbselbdqrs0
rec_cocs13t23jsre5ghad70,rec_cocrpk523jsre5gha9e0,rec_cobdet25ojbselbdqrs0
rec_cocs13t23jsre5ghad7g,rec_cocrpk523jsre5gha9eg,rec_cobdet25ojbselbdqrs0
rec_cocs13t23jsre5ghad80,rec_cocrpk523jsre5gha9f0,rec_cobdet25ojbselbdqrs0
rec_cocs13t23jsre5ghad8g,rec_cocrpk523jsre5gha9fg,rec_cobdet25ojbselbdqrs0
rec_cocs13t23jsre5ghad90,rec_cocrpk523jsre5gha9g0,rec_cobdet25ojbselbdqrs0
rec_cocs13t23jsre5ghad9g,rec_cocrpk523jsre5gha9gg,rec_cobdet25ojbselbdqrs0
rec_cocs13t23jsre5ghada0,rec_cocrpk523jsre5gha9h0,rec_cobdet25ojbselbdqrs0
rec_cocs13t23jsre5ghadag,rec_cocrpk523jsre5gha9hg,rec_cobdet25ojbselbdqrs0
rec_cocs13t23jsre5ghadb0,rec_cocrpk523jsre5gha9c0,rec_cobdet25ojbselbdqrvg
rec_cocs13t23jsre5ghadbg,rec_cocrpk523jsre5gha9cg,rec_cobdet25ojbselbdqrvg
rec_cocs13t23jsre5ghadc0,rec_cocrpk523jsre5gha9d0,rec_cobdet25ojbselbdqrvg
rec_cocs13t23jsre5ghadcg,rec_cocrpk523jsre5gha9dg,rec_cobdet25ojbselbdqrvg
rec_cocs13t23jsre5ghadd0,rec_cocrpk523jsre5gha9e0,rec_cobdet25ojbselbdqrvg
rec_cocs13t23jsre5ghaddg,rec_cocrpk523jsre5gha9eg,rec_cobdet25ojbselbdqrvg
rec_cocs13t23jsre5ghade0,rec_cocrpk523jsre5gha9f0,rec_cobdet25ojbselbdqrvg
rec_cocs13t23jsre5ghadeg,rec_cocrpk523jsre5gha9fg,rec_cobdet25ojbselbdqrvg
rec_cocs13t23jsre5ghadf0,rec_cocrpk523jsre5gha9g0,rec_cobdet25ojbselbdqrvg
rec_cocs13t23jsre5ghadfg,rec_cocrpk523jsre5gha9gg,rec_cobdet25ojbselbdqrvg
rec_cocs13t23jsre5ghadg0,rec_cocrpk523jsre5gha9h0,rec_cobdet25ojbselbdqrvg
rec_cocs13t23jsre5ghadgg,rec_cocrpk523jsre5gha9hg,rec_cobdet25ojbselbdqrvg
rec_cocs13t23jsre5ghadh0,rec_cocrpk523jsre5gha9c0,rec_cobdesq5ojbselbdqr90
rec_cocs13t23jsre5ghadhg,rec_cocrpk523jsre5gha9cg,rec_cobdesq5ojbselbdqr90
rec_cocs13t23jsre5ghadi0,rec_cocrpk523jsre5gha9d0,rec_cobdesq5ojbselbdqr90
rec_cocs13t23jsre5ghadig,rec_cocrpk523jsre5gha9dg,rec_cobdesq5ojbselbdqr90
rec_cocs13t23jsre5ghadj0,rec_cocrpk523jsre5gha9e0,rec_cobdesq5ojbselbdqr90
rec_cocs13t23jsre5ghadjg,rec_cocrpk523jsre5gha9eg,rec_cobdesq5ojbselbdqr90
rec_cocs13t23jsre5ghadk0,rec_cocrpk523jsre5gha9f0,rec_cobdesq5ojbselbdqr90
rec_cocs13t23jsre5ghadkg,rec_cocrpk523jsre5gha9fg,rec_cobdesq5ojbselbdqr90
rec_cocs13t23jsre5ghadl0,rec_cocrpk523jsre5gha9g0,rec_cobdesq5ojbselbdqr90
rec_cocs13t23jsre5ghadlg,rec_cocrpk523jsre5gha9gg,rec_cobdesq5ojbselbdqr90
rec_cocs13t23jsre5ghadm0,rec_cocrpk523jsre5gha9h0,rec_cobdesq5ojbselbdqr90
rec_cocs13t23jsre5ghadmg,rec_cocrpk523jsre5gha9hg,rec_cobdesq5ojbselbdqr90
rec_cocs13t23jsre5ghadn0,rec_cocrpk523jsre5gha9c0,rec_cobdesq5ojbselbdqr9g
rec_cocs13t23jsre5ghadng,rec_cocrpk523jsre5gha9cg,rec_cobdesq5ojbselbdqr9g
rec_cocs13t23jsre5ghado0,rec_cocrpk523jsre5gha9d0,rec_cobdesq5ojbselbdqr9g
rec_cocs13t23jsre5ghadog,rec_cocrpk523jsre5gha9dg,rec_cobdesq5ojbselbdqr9g
rec_cocs13t23jsre5ghadp0,rec_cocrpk523jsre5gha9e0,rec_cobdesq5ojbselbdqr9g
rec_cocs13t23jsre5ghadpg,rec_cocrpk523jsre5gha9eg,rec_cobdesq5ojbselbdqr9g
rec_cocs13t23jsre5ghadq0,rec_cocrpk523jsre5gha9f0,rec_cobdesq5ojbselbdqr9g
rec_cocs13t23jsre5ghadqg,rec_cocrpk523jsre5gha9fg,rec_cobdesq5ojbselbdqr9g
rec_cocs13t23jsre5ghadr0,rec_cocrpk523jsre5gha9g0,rec_cobdesq5ojbselbdqr9g
rec_cocs14523jsre5ghadrg,rec_cocrpk523jsre5gha9gg,rec_cobdesq5ojbselbdqr9g
rec_cocs14523jsre5ghads0,rec_cocrpk523jsre5gha9h0,rec_cobdesq5ojbselbdqr9g
rec_cocs14523jsre5ghadsg,rec_cocrpk523jsre5gha9hg,rec_cobdesq5ojbselbdqr9g
rec_cocs14523jsre5ghadt0,rec_cocrpk523jsre5gha9c0,rec_cobdesq5ojbselbdqra0
rec_cocs14523jsre5ghadtg,rec_cocrpk523jsre5gha9cg,rec_cobdesq5ojbselbdqra0
rec_cocs14523jsre5ghadu0,rec_cocrpk523jsre5gha9d0,rec_cobdesq5ojbselbdqra0
rec_cocs14523jsre5ghadug,rec_cocrpk523jsre5gha9dg,rec_cobdesq5ojbselbdqra0
rec_cocs14523jsre5ghadv0,rec_cocrpk523jsre5gha9e0,rec_cobdesq5ojbselbdqra0
rec_cocs14523jsre5ghadvg,rec_cocrpk523jsre5gha9eg,rec_cobdesq5ojbselbdqra0
rec_cocs14523jsre5ghae00,rec_cocrpk523jsre5gha9f0,rec_cobdesq5ojbselbdqra0
rec_cocs14523jsre5ghae0g,rec_cocrpk523jsre5gha9fg,rec_cobdesq5ojbselbdqra0
rec_cocs14523jsre5ghae10,rec_cocrpk523jsre5gha9g0,rec_cobdesq5ojbselbdqra0
rec_cocs14523jsre5ghae1g,rec_cocrpk523jsre5gha9gg,rec_cobdesq5ojbselbdqra0
rec_cocs14523jsre5ghae20,rec_cocrpk523jsre5gha9h0,rec_cobdesq5ojbselbdqra0
rec_cocs14523jsre5ghae2g,rec_cocrpk523jsre5gha9hg,rec_cobdesq5ojbselbdqra0
rec_cocs14523jsre5ghae30,rec_cocrpk523jsre5gha9c0,rec_cobdesq5ojbselbdqrag
rec_cocs14523jsre5ghae3g,rec_cocrpk523jsre5gha9cg,rec_cobdesq5ojbselbdqrag
rec_cocs14523jsre5ghae40,rec_cocrpk523jsre5gha9d0,rec_cobdesq5ojbselbdqrag
rec_cocs14523jsre5ghae4g,rec_cocrpk523jsre5gha9dg,rec_cobdesq5ojbselbdqrag
rec_cocs14523jsre5ghae50,rec_cocrpk523jsre5gha9e0,rec_cobdesq5ojbselbdqrag
rec_cocs14523jsre5ghae5g,rec_cocrpk523jsre5gha9eg,rec_cobdesq5ojbselbdqrag
rec_cocs14523jsre5ghae60,rec_cocrpk523jsre5gha9f0,rec_cobdesq5ojbselbdqrag
rec_cocs14523jsre5ghae6g,rec_cocrpk523jsre5gha9fg,rec_cobdesq5ojbselbdqrag
rec_cocs14523jsre5ghae70,rec_cocrpk523jsre5gha9g0,rec_cobdesq5ojbselbdqrag
rec_cocs14523jsre5ghae7g,rec_cocrpk523jsre5gha9gg,rec_cobdesq5ojbselbdqrag
rec_cocs14523jsre5ghae80,rec_cocrpk523jsre5gha9h0,rec_cobdesq5ojbselbdqrag
rec_cocs14523jsre5ghae8g,rec_cocrpk523jsre5gha9hg,rec_cobdesq5ojbselbdqrag
rec_cocs14523jsre5ghae90,rec_cocrpk523jsre5gha9c0,rec_cobdet25ojbselbdqrr0
rec_cocs14523jsre5ghae9g,rec_cocrpk523jsre5gha9cg,rec_cobdet25ojbselbdqrr0
rec_cocs14523jsre5ghaea0,rec_cocrpk523jsre5gha9d0,rec_cobdet25ojbselbdqrr0
rec_cocs14523jsre5ghaeag,rec_cocrpk523jsre5gha9dg,rec_cobdet25ojbselbdqrr0
rec_cocs14523jsre5ghaeb0,rec_cocrpk523jsre5gha9e0,rec_cobdet25ojbselbdqrr0
rec_cocs14523jsre5ghaebg,rec_cocrpk523jsre5gha9eg,rec_cobdet25ojbselbdqrr0
rec_cocs14523jsre5ghaec0,rec_cocrpk523jsre5gha9f0,rec_cobdet25ojbselbdqrr0
rec_cocs14523jsre5ghaecg,rec_cocrpk523jsre5gha9fg,rec_cobdet25ojbselbdqrr0
rec_cocs14523jsre5ghaed0,rec_cocrpk523jsre5gha9g0,rec_cobdet25ojbselbdqrr0
rec_cocs14523jsre5ghaedg,rec_cocrpk523jsre5gha9gg,rec_cobdet25ojbselbdqrr0
rec_cocs14523jsre5ghaee0,rec_cocrpk523jsre5gha9h0,rec_cobdet25ojbselbdqrr0
rec_cocs14523jsre5ghaeeg,rec_cocrpk523jsre5gha9hg,rec_cobdet25ojbselbdqrr0
rec_cocs14523jsre5ghaef0,rec_cocrpk523jsre5gha9c0,rec_cobdesq5ojbselbdqrb0
rec_cocs14523jsre5ghaefg,rec_cocrpk523jsre5gha9cg,rec_cobdesq5ojbselbdqrb0
rec_cocs14523jsre5ghaeg0,rec_cocrpk523jsre5gha9d0,rec_cobdesq5ojbselbdqrb0
rec_cocs14523jsre5ghaegg,rec_cocrpk523jsre5gha9dg,rec_cobdesq5ojbselbdqrb0
rec_cocs14523jsre5ghaeh0,rec_cocrpk523jsre5gha9e0,rec_cobdesq5ojbselbdqrb0
rec_cocs14523jsre5ghaehg,rec_cocrpk523jsre5gha9eg,rec_cobdesq5ojbselbdqrb0
rec_cocs14523jsre5ghaei0,rec_cocrpk523jsre5gha9f0,rec_cobdesq5ojbselbdqrb0
rec_cocs14523jsre5ghaeig,rec_cocrpk523jsre5gha9fg,rec_cobdesq5ojbselbdqrb0
rec_cocs14523jsre5ghaej0,rec_cocrpk523jsre5gha9g0,rec_cobdesq5ojbselbdqrb0
rec_cocs14523jsre5ghaejg,rec_cocrpk523jsre5gha9gg,rec_cobdesq5ojbselbdqrb0
rec_cocs14523jsre5ghaek0,rec_cocrpk523jsre5gha9h0,rec_cobdesq5ojbselbdqrb0
rec_cocs14523jsre5ghaekg,rec_cocrpk523jsre5gha9hg,rec_cobdesq5ojbselbdqrb0
rec_cocs14523jsre5ghael0,rec_cocrpk523jsre5gha9c0,rec_cobdet25ojbselbdqrt0
rec_cocs14523jsre5ghaelg,rec_cocrpk523jsre5gha9cg,rec_cobdet25ojbselbdqrt0
rec_cocs14523jsre5ghaem0,rec_cocrpk523jsre5gha9d0,rec_cobdet25ojbselbdqrt0
rec_cocs14523jsre5ghaemg,rec_cocrpk523jsre5gha9dg,rec_cobdet25ojbselbdqrt0
rec_cocs14523jsre5ghaen0,rec_cocrpk523jsre5gha9e0,rec_cobdet25ojbselbdqrt0
rec_cocs14523jsre5ghaeng,rec_cocrpk523jsre5gha9eg,rec_cobdet25ojbselbdqrt0
rec_cocs14523jsre5ghaeo0,rec_cocrpk523jsre5gha9f0,rec_cobdet25ojbselbdqrt0
rec_cocs14523jsre5ghaeog,rec_cocrpk523jsre5gha9fg,rec_cobdet25ojbselbdqrt0
rec_cocs14523jsre5ghaep0,rec_cocrpk523jsre5gha9g0,rec_cobdet25ojbselbdqrt0
rec_cocs14523jsre5ghaepg,rec_cocrpk523jsre5gha9gg,rec_cobdet25ojbselbdqrt0
rec_cocs14523jsre5ghaeq0,rec_cocrpk523jsre5gha9h0,rec_cobdet25ojbselbdqrt0
rec_cocs14523jsre5ghaeqg,rec_cocrpk523jsre5gha9hg,rec_cobdet25ojbselbdqrt0
rec_cocs14523jsre5ghaer0,rec_cocrpk523jsre5gha9c0,rec_cobdesq5ojbselbdqrbg
rec_cocs14523jsre5ghaerg,rec_cocrpk523jsre5gha9cg,rec_cobdesq5ojbselbdqrbg
rec_cocs14523jsre5ghaes0,rec_cocrpk523jsre5gha9d0,rec_cobdesq5ojbselbdqrbg
rec_cocs14523jsre5ghaesg,rec_cocrpk523jsre5gha9dg,rec_cobdesq5ojbselbdqrbg
rec_cocs14523jsre5ghaet0,rec_cocrpk523jsre5gha9e0,rec_cobdesq5ojbselbdqrbg
rec_cocs14523jsre5ghaetg,rec_cocrpk523jsre5gha9eg,rec_cobdesq5ojbselbdqrbg
rec_cocs14523jsre5ghaeu0,rec_cocrpk523jsre5gha9f0,rec_cobdesq5ojbselbdqrbg
rec_cocs14523jsre5ghaeug,rec_cocrpk523jsre5gha9fg,rec_cobdesq5ojbselbdqrbg
rec_cocs14523jsre5ghaev0,rec_cocrpk523jsre5gha9g0,rec_cobdesq5ojbselbdqrbg
rec_cocs14523jsre5ghaevg,rec_cocrpk523jsre5gha9gg,rec_cobdesq5ojbselbdqrbg
rec_cocs14523jsre5ghaf00,rec_cocrpk523jsre5gha9h0,rec_cobdesq5ojbselbdqrbg
rec_cocs14523jsre5ghaf0g,rec_cocrpk523jsre5gha9hg,rec_cobdesq5ojbselbdqrbg
rec_cocs14523jsre5ghaf10,rec_cocrpk523jsre5gha9c0,rec_cobdet25ojbselbdqrug
rec_cocs14523jsre5ghaf1g,rec_cocrpk523jsre5gha9cg,rec_cobdet25ojbselbdqrug
rec_cocs14523jsre5ghaf20,rec_cocrpk523jsre5gha9d0,rec_cobdet25ojbselbdqrug
rec_cocs14523jsre5ghaf2g,rec_cocrpk523jsre5gha9dg,rec_cobdet25ojbselbdqrug
rec_cocs14523jsre5ghaf30,rec_cocrpk523jsre5gha9e0,rec_cobdet25ojbselbdqrug
rec_cocs14523jsre5ghaf3g,rec_cocrpk523jsre5gha9eg,rec_cobdet25ojbselbdqrug
rec_cocs14523jsre5ghaf40,rec_cocrpk523jsre5gha9f0,rec_cobdet25ojbselbdqrug
rec_cocs14523jsre5ghaf4g,rec_cocrpk523jsre5gha9fg,rec_cobdet25ojbselbdqrug
rec_cocs14523jsre5ghaf50,rec_cocrpk523jsre5gha9g0,rec_cobdet25ojbselbdqrug
rec_cocs14523jsre5ghaf5g,rec_cocrpk523jsre5gha9gg,rec_cobdet25ojbselbdqrug
rec_cocs14523jsre5ghaf60,rec_cocrpk523jsre5gha9h0,rec_cobdet25ojbselbdqrug
rec_cocs14523jsre5ghaf6g,rec_cocrpk523jsre5gha9hg,rec_cobdet25ojbselbdqrug
rec_cocs14523jsre5ghaf70,rec_cocrpk523jsre5gha9c0,rec_cobdesq5ojbselbdqrc0
rec_cocs14523jsre5ghaf7g,rec_cocrpk523jsre5gha9cg,rec_cobdesq5ojbselbdqrc0
rec_cocs14523jsre5ghaf80,rec_cocrpk523jsre5gha9d0,rec_cobdesq5ojbselbdqrc0
rec_cocs14523jsre5ghaf8g,rec_cocrpk523jsre5gha9dg,rec_cobdesq5ojbselbdqrc0
rec_cocs14523jsre5ghaf90,rec_cocrpk523jsre5gha9e0,rec_cobdesq5ojbselbdqrc0
rec_cocs14523jsre5ghaf9g,rec_cocrpk523jsre5gha9eg,rec_cobdesq5ojbselbdqrc0
rec_cocs14523jsre5ghafa0,rec_cocrpk523jsre5gha9f0,rec_cobdesq5ojbselbdqrc0
rec_cocs14523jsre5ghafag,rec_cocrpk523jsre5gha9fg,rec_cobdesq5ojbselbdqrc0
rec_cocs14523jsre5ghafb0,rec_cocrpk523jsre5gha9g0,rec_cobdesq5ojbselbdqrc0
rec_cocs14523jsre5ghafbg,rec_cocrpk523jsre5gha9gg,rec_cobdesq5ojbselbdqrc0
rec_cocs14523jsre5ghafc0,rec_cocrpk523jsre5gha9h0,rec_cobdesq5ojbselbdqrc0
rec_cocs14523jsre5ghafcg,rec_cocrpk523jsre5gha9hg,rec_cobdesq5ojbselbdqrc0
rec_cocs14523jsre5ghafd0,rec_cocrpk523jsre5gha9c0,rec_cobdesq5ojbselbdqrcg
rec_cocs14523jsre5ghafdg,rec_cocrpk523jsre5gha9cg,rec_cobdesq5ojbselbdqrcg
rec_cocs14523jsre5ghafe0,rec_cocrpk523jsre5gha9d0,rec_cobdesq5ojbselbdqrcg
rec_cocs14523jsre5ghafeg,rec_cocrpk523jsre5gha9dg,rec_cobdesq5ojbselbdqrcg
rec_cocs14523jsre5ghaff0,rec_cocrpk523jsre5gha9e0,rec_cobdesq5ojbselbdqrcg
rec_cocs14523jsre5ghaffg,rec_cocrpk523jsre5gha9eg,rec_cobdesq5ojbselbdqrcg
rec_cocs14523jsre5ghafg0,rec_cocrpk523jsre5gha9f0,rec_cobdesq5ojbselbdqrcg
rec_cocs14523jsre5ghafgg,rec_cocrpk523jsre5gha9fg,rec_cobdesq5ojbselbdqrcg
rec_cocs14523jsre5ghafh0,rec_cocrpk523jsre5gha9g0,rec_cobdesq5ojbselbdqrcg
rec_cocs14523jsre5ghafhg,rec_cocrpk523jsre5gha9gg,rec_cobdesq5ojbselbdqrcg
rec_cocs14523jsre5ghafi0,rec_cocrpk523jsre5gha9h0,rec_cobdesq5ojbselbdqrcg
rec_cocs14523jsre5ghafig,rec_cocrpk523jsre5gha9hg,rec_cobdesq5ojbselbdqrcg
rec_cocs14523jsre5ghafj0,rec_cocrpk523jsre5gha9c0,rec_cobdesq5ojbselbdqrd0
rec_cocs14523jsre5ghafjg,rec_cocrpk523jsre5gha9cg,rec_cobdesq5ojbselbdqrd0
rec_cocs14523jsre5ghafk0,rec_cocrpk523jsre5gha9d0,rec_cobdesq5ojbselbdqrd0
rec_cocs14523jsre5ghafkg,rec_cocrpk523jsre5gha9dg,rec_cobdesq5ojbselbdqrd0
rec_cocs14523jsre5ghafl0,rec_cocrpk523jsre5gha9e0,rec_cobdesq5ojbselbdqrd0
rec_cocs14523jsre5ghaflg,rec_cocrpk523jsre5gha9eg,rec_cobdesq5ojbselbdqrd0
rec_cocs14523jsre5ghafm0,rec_cocrpk523jsre5gha9f0,rec_cobdesq5ojbselbdqrd0
rec_cocs14523jsre5ghafmg,rec_cocrpk523jsre5gha9fg,rec_cobdesq5ojbselbdqrd0
rec_cocs14523jsre5ghafn0,rec_cocrpk523jsre5gha9g0,rec_cobdesq5ojbselbdqrd0
rec_cocs14523jsre5ghafng,rec_cocrpk523jsre5gha9gg,rec_cobdesq5ojbselbdqrd0
rec_cocs14523jsre5ghafo0,rec_cocrpk523jsre5gha9h0,rec_cobdesq5ojbselbdqrd0
rec_cocs14523jsre5ghafog,rec_cocrpk523jsre5gha9hg,rec_cobdesq5ojbselbdqrd0
rec_cocs14523jsre5ghafp0,rec_cocrpk523jsre5gha9c0,rec_cobdesq5ojbselbdqrdg
rec_cocs14523jsre5ghafpg,rec_cocrpk523jsre5gha9cg,rec_cobdesq5ojbselbdqrdg
rec_cocs14523jsre5ghafq0,rec_cocrpk523jsre5gha9d0,rec_cobdesq5ojbselbdqrdg
rec_cocs14523jsre5ghafqg,rec_cocrpk523jsre5gha9dg,rec_cobdesq5ojbselbdqrdg
rec_cocs14523jsre5ghafr0,rec_cocrpk523jsre5gha9e0,rec_cobdesq5ojbselbdqrdg
rec_cocs14523jsre5ghafrg,rec_cocrpk523jsre5gha9eg,rec_cobdesq5ojbselbdqrdg
rec_cocs14523jsre5ghafs0,rec_cocrpk523jsre5gha9f0,rec_cobdesq5ojbselbdqrdg
rec_cocs14523jsre5ghafsg,rec_cocrpk523jsre5gha9fg,rec_cobdesq5ojbselbdqrdg
rec_cocs14523jsre5ghaft0,rec_cocrpk523jsre5gha9g0,rec_cobdesq5ojbselbdqrdg
rec_cocs14523jsre5ghaftg,rec_cocrpk523jsre5gha9gg,rec_cobdesq5ojbselbdqrdg
rec_cocs14523jsre5ghafu0,rec_cocrpk523jsre5gha9h0,rec_cobdesq5ojbselbdqrdg
rec_cocs14523jsre5ghafug,rec_cocrpk523jsre5gha9hg,rec_cobdesq5ojbselbdqrdg
rec_cocs14523jsre5ghafv0,rec_cocrpk523jsre5gha9c0,rec_cobdesq5ojbselbdqre0
rec_cocs14523jsre5ghafvg,rec_cocrpk523jsre5gha9cg,rec_cobdesq5ojbselbdqre0
rec_cocs14523jsre5ghag00,rec_cocrpk523jsre5gha9d0,rec_cobdesq5ojbselbdqre0
rec_cocs14523jsre5ghag0g,rec_cocrpk523jsre5gha9dg,rec_cobdesq5ojbselbdqre0
rec_cocs14523jsre5ghag10,rec_cocrpk523jsre5gha9e0,rec_cobdesq5ojbselbdqre0
rec_cocs14523jsre5ghag1g,rec_cocrpk523jsre5gha9eg,rec_cobdesq5ojbselbdqre0
rec_cocs14523jsre5ghag20,rec_cocrpk523jsre5gha9f0,rec_cobdesq5ojbselbdqre0
rec_cocs14523jsre5ghag2g,rec_cocrpk523jsre5gha9fg,rec_cobdesq5ojbselbdqre0
rec_cocs14523jsre5ghag30,rec_cocrpk523jsre5gha9g0,rec_cobdesq5ojbselbdqre0
rec_cocs14523jsre5ghag3g,rec_cocrpk523jsre5gha9gg,rec_cobdesq5ojbselbdqre0
rec_cocs14523jsre5ghag40,rec_cocrpk523jsre5gha9h0,rec_cobdesq5ojbselbdqre0
rec_cocs14523jsre5ghag4g,rec_cocrpk523jsre5gha9hg,rec_cobdesq5ojbselbdqre0
rec_cocs14523jsre5ghag50,rec_cocrpk523jsre5gha9c0,rec_cobdesq5ojbselbdqreg
rec_cocs14523jsre5ghag5g,rec_cocrpk523jsre5gha9cg,rec_cobdesq5ojbselbdqreg
rec_cocs14523jsre5ghag60,rec_cocrpk523jsre5gha9d0,rec_cobdesq5ojbselbdqreg
rec_cocs14523jsre5ghag6g,rec_cocrpk523jsre5gha9dg,rec_cobdesq5ojbselbdqreg
rec_cocs14523jsre5ghag70,rec_cocrpk523jsre5gha9e0,rec_cobdesq5ojbselbdqreg
rec_cocs14523jsre5ghag7g,rec_cocrpk523jsre5gha9eg,rec_cobdesq5ojbselbdqreg
rec_cocs14523jsre5ghag80,rec_cocrpk523jsre5gha9f0,rec_cobdesq5ojbselbdqreg
rec_cocs14523jsre5ghag8g,rec_cocrpk523jsre5gha9fg,rec_cobdesq5ojbselbdqreg
rec_cocs14523jsre5ghag90,rec_cocrpk523jsre5gha9g0,rec_cobdesq5ojbselbdqreg
rec_cocs14523jsre5ghag9g,rec_cocrpk523jsre5gha9gg,rec_cobdesq5ojbselbdqreg
rec_cocs14523jsre5ghaga0,rec_cocrpk523jsre5gha9h0,rec_cobdesq5ojbselbdqreg
rec_cocs14523jsre5ghagag,rec_cocrpk523jsre5gha9hg,rec_cobdesq5ojbselbdqreg
rec_cocs14523jsre5ghagb0,rec_cocrpk523jsre5gha9c0,rec_cobdesq5ojbselbdqrf0
rec_cocs14523jsre5ghagbg,rec_cocrpk523jsre5gha9cg,rec_cobdesq5ojbselbdqrf0
rec_cocs14523jsre5ghagc0,rec_cocrpk523jsre5gha9d0,rec_cobdesq5ojbselbdqrf0
rec_cocs14523jsre5ghagcg,rec_cocrpk523jsre5gha9dg,rec_cobdesq5ojbselbdqrf0
rec_cocs14523jsre5ghagd0,rec_cocrpk523jsre5gha9e0,rec_cobdesq5ojbselbdqrf0
rec_cocs14523jsre5ghagdg,rec_cocrpk523jsre5gha9eg,rec_cobdesq5ojbselbdqrf0
rec_cocs14523jsre5ghage0,rec_cocrpk523jsre5gha9f0,rec_cobdesq5ojbselbdqrf0
rec_cocs14523jsre5ghageg,rec_cocrpk523jsre5gha9fg,rec_cobdesq5ojbselbdqrf0
rec_cocs14523jsre5ghagf0,rec_cocrpk523jsre5gha9g0,rec_cobdesq5ojbselbdqrf0
rec_cocs14523jsre5ghagfg,rec_cocrpk523jsre5gha9gg,rec_cobdesq5ojbselbdqrf0
rec_cocs14523jsre5ghagg0,rec_cocrpk523jsre5gha9h0,rec_cobdesq5ojbselbdqrf0
rec_cocs14523jsre5ghaggg,rec_cocrpk523jsre5gha9hg,rec_cobdesq5ojbselbdqrf0
rec_cocs14523jsre5ghagh0,rec_cocrpk523jsre5gha9c0,rec_cobdesq5ojbselbdqrfg
rec_cocs14523jsre5ghaghg,rec_cocrpk523jsre5gha9cg,rec_cobdesq5ojbselbdqrfg
rec_cocs14523jsre5ghagi0,rec_cocrpk523jsre5gha9d0,rec_cobdesq5ojbselbdqrfg
rec_cocs14523jsre5ghagig,rec_cocrpk523jsre5gha9dg,rec_cobdesq5ojbselbdqrfg
rec_cocs14523jsre5ghagj0,rec_cocrpk523jsre5gha9e0,rec_cobdesq5ojbselbdqrfg
rec_cocs14523jsre5ghagjg,rec_cocrpk523jsre5gha9eg,rec_cobdesq5ojbselbdqrfg
rec_cocs14523jsre5ghagk0,rec_cocrpk523jsre5gha9f0,rec_cobdesq5ojbselbdqrfg
rec_cocs14523jsre5ghagkg,rec_cocrpk523jsre5gha9fg,rec_cobdesq5ojbselbdqrfg
rec_cocs14523jsre5ghagl0,rec_cocrpk523jsre5gha9g0,rec_cobdesq5ojbselbdqrfg
rec_cocs14523jsre5ghaglg,rec_cocrpk523jsre5gha9gg,rec_cobdesq5ojbselbdqrfg
rec_cocs14523jsre5ghagm0,rec_cocrpk523jsre5gha9h0,rec_cobdesq5ojbselbdqrfg
rec_cocs14523jsre5ghagmg,rec_cocrpk523jsre5gha9hg,rec_cobdesq5ojbselbdqrfg
rec_cocs14523jsre5ghagn0,rec_cocrpk523jsre5gha9c0,rec_cobdesq5ojbselbdqrg0
rec_cocs14523jsre5ghagng,rec_cocrpk523jsre5gha9cg,rec_cobdesq5ojbselbdqrg0
rec_cocs14523jsre5ghago0,rec_cocrpk523jsre5gha9d0,rec_cobdesq5ojbselbdqrg0
rec_cocs14523jsre5ghagog,rec_cocrpk523jsre5gha9dg,rec_cobdesq5ojbselbdqrg0
rec_cocs14523jsre5ghagp0,rec_cocrpk523jsre5gha9e0,rec_cobdesq5ojbselbdqrg0
rec_cocs14523jsre5ghagpg,rec_cocrpk523jsre5gha9eg,rec_cobdesq5ojbselbdqrg0
rec_cocs14523jsre5ghagq0,rec_cocrpk523jsre5gha9f0,rec_cobdesq5ojbselbdqrg0
rec_cocs14523jsre5ghagqg,rec_cocrpk523jsre5gha9fg,rec_cobdesq5ojbselbdqrg0
rec_cocs14523jsre5ghagr0,rec_cocrpk523jsre5gha9g0,rec_cobdesq5ojbselbdqrg0
rec_cocs14523jsre5ghagrg,rec_cocrpk523jsre5gha9gg,rec_cobdesq5ojbselbdqrg0
rec_cocs14523jsre5ghags0,rec_cocrpk523jsre5gha9h0,rec_cobdesq5ojbselbdqrg0
rec_cocs14523jsre5ghagsg,rec_cocrpk523jsre5gha9hg,rec_cobdesq5ojbselbdqrg0
rec_cocs14523jsre5ghagt0,rec_cocrpk523jsre5gha9c0,rec_cobdesq5ojbselbdqrgg
rec_cocs14523jsre5ghagtg,rec_cocrpk523jsre5gha9cg,rec_cobdesq5ojbselbdqrgg
rec_cocs14523jsre5ghagu0,rec_cocrpk523jsre5gha9d0,rec_cobdesq5ojbselbdqrgg
rec_cocs14523jsre5ghagug,rec_cocrpk523jsre5gha9dg,rec_cobdesq5ojbselbdqrgg
rec_cocs14523jsre5ghagv0,rec_cocrpk523jsre5gha9e0,rec_cobdesq5ojbselbdqrgg
rec_cocs14523jsre5ghagvg,rec_cocrpk523jsre5gha9eg,rec_cobdesq5ojbselbdqrgg
rec_cocs14523jsre5ghah00,rec_cocrpk523jsre5gha9f0,rec_cobdesq5ojbselbdqrgg
rec_cocs14523jsre5ghah0g,rec_cocrpk523jsre5gha9fg,rec_cobdesq5ojbselbdqrgg
rec_cocs14523jsre5ghah10,rec_cocrpk523jsre5gha9g0,rec_cobdesq5ojbselbdqrgg
rec_cocs14523jsre5ghah1g,rec_cocrpk523jsre5gha9gg,rec_cobdesq5ojbselbdqrgg
rec_cocs14523jsre5ghah20,rec_cocrpk523jsre5gha9h0,rec_cobdesq5ojbselbdqrgg
rec_cocs14523jsre5ghah2g,rec_cocrpk523jsre5gha9hg,rec_cobdesq5ojbselbdqrgg
rec_cocs14523jsre5ghah30,rec_cocrpk523jsre5gha9c0,rec_cobdesq5ojbselbdqrh0
rec_cocs14523jsre5ghah3g,rec_cocrpk523jsre5gha9cg,rec_cobdesq5ojbselbdqrh0
rec_cocs14523jsre5ghah40,rec_cocrpk523jsre5gha9d0,rec_cobdesq5ojbselbdqrh0
rec_cocs14523jsre5ghah4g,rec_cocrpk523jsre5gha9dg,rec_cobdesq5ojbselbdqrh0
rec_cocs14523jsre5ghah50,rec_cocrpk523jsre5gha9e0,rec_cobdesq5ojbselbdqrh0
rec_cocs14523jsre5ghah5g,rec_cocrpk523jsre5gha9eg,rec_cobdesq5ojbselbdqrh0
rec_cocs14523jsre5ghah60,rec_cocrpk523jsre5gha9f0,rec_cobdesq5ojbselbdqrh0
rec_cocs14523jsre5ghah6g,rec_cocrpk523jsre5gha9fg,rec_cobdesq5ojbselbdqrh0
rec_cocs14523jsre5ghah70,rec_cocrpk523jsre5gha9g0,rec_cobdesq5ojbselbdqrh0
rec_cocs14523jsre5ghah7g,rec_cocrpk523jsre5gha9gg,rec_cobdesq5ojbselbdqrh0
rec_cocs14523jsre5ghah80,rec_cocrpk523jsre5gha9h0,rec_cobdesq5ojbselbdqrh0
rec_cocs14523jsre5ghah8g,rec_cocrpk523jsre5gha9hg,rec_cobdesq5ojbselbdqrh0
rec_cocs14523jsre5ghah90,rec_cocrpk523jsre5gha9c0,rec_cobdesq5ojbselbdqrhg
rec_cocs14523jsre5ghah9g,rec_cocrpk523jsre5gha9cg,rec_cobdesq5ojbselbdqrhg
rec_cocs14523jsre5ghaha0,rec_cocrpk523jsre5gha9d0,rec_cobdesq5ojbselbdqrhg
rec_cocs14523jsre5ghahag,rec_cocrpk523jsre5gha9dg,rec_cobdesq5ojbselbdqrhg
rec_cocs14523jsre5ghahb0,rec_cocrpk523jsre5gha9e0,rec_cobdesq5ojbselbdqrhg
rec_cocs14523jsre5ghahbg,rec_cocrpk523jsre5gha9eg,rec_cobdesq5ojbselbdqrhg
rec_cocs14523jsre5ghahc0,rec_cocrpk523jsre5gha9f0,rec_cobdesq5ojbselbdqrhg
rec_cocs14523jsre5ghahcg,rec_cocrpk523jsre5gha9fg,rec_cobdesq5ojbselbdqrhg
rec_cocs14523jsre5ghahd0,rec_cocrpk523jsre5gha9g0,rec_cobdesq5ojbselbdqrhg
rec_cocs14523jsre5ghahdg,rec_cocrpk523jsre5gha9gg,rec_cobdesq5ojbselbdqrhg
rec_cocs14523jsre5ghahe0,rec_cocrpk523jsre5gha9h0,rec_cobdesq5ojbselbdqrhg
rec_cocs14523jsre5ghaheg,rec_cocrpk523jsre5gha9hg,rec_cobdesq5ojbselbdqrhg
rec_cocs14523jsre5ghahf0,rec_cocrpk523jsre5gha9c0,rec_cobdesq5ojbselbdqri0
rec_cocs14523jsre5ghahfg,rec_cocrpk523jsre5gha9cg,rec_cobdesq5ojbselbdqri0
rec_cocs14523jsre5ghahg0,rec_cocrpk523jsre5gha9d0,rec_cobdesq5ojbselbdqri0
rec_cocs14523jsre5ghahgg,rec_cocrpk523jsre5gha9dg,rec_cobdesq5ojbselbdqri0
rec_cocs14523jsre5ghahh0,rec_cocrpk523jsre5gha9e0,rec_cobdesq5ojbselbdqri0
rec_cocs14523jsre5ghahhg,rec_cocrpk523jsre5gha9eg,rec_cobdesq5ojbselbdqri0
rec_cocs14523jsre5ghahi0,rec_cocrpk523jsre5gha9f0,rec_cobdesq5ojbselbdqri0
rec_cocs14523jsre5ghahig,rec_cocrpk523jsre5gha9fg,rec_cobdesq5ojbselbdqri0
rec_cocs14523jsre5ghahj0,rec_cocrpk523jsre5gha9g0,rec_cobdesq5ojbselbdqri0
rec_cocs14523jsre5ghahjg,rec_cocrpk523jsre5gha9gg,rec_cobdesq5ojbselbdqri0
rec_cocs14523jsre5ghahk0,rec_cocrpk523jsre5gha9h0,rec_cobdesq5ojbselbdqri0
rec_cocs14523jsre5ghahkg,rec_cocrpk523jsre5gha9hg,rec_cobdesq5ojbselbdqri0
rec_cocs14523jsre5ghahl0,rec_cocrpk523jsre5gha9c0,rec_cobdesq5ojbselbdqrig
rec_cocs14523jsre5ghahlg,rec_cocrpk523jsre5gha9cg,rec_cobdesq5ojbselbdqrig
rec_cocs14523jsre5ghahm0,rec_cocrpk523jsre5gha9d0,rec_cobdesq5ojbselbdqrig
rec_cocs14523jsre5ghahmg,rec_cocrpk523jsre5gha9dg,rec_cobdesq5ojbselbdqrig
rec_cocs14523jsre5ghahn0,rec_cocrpk523jsre5gha9e0,rec_cobdesq5ojbselbdqrig
rec_cocs14523jsre5ghahng,rec_cocrpk523jsre5gha9eg,rec_cobdesq5ojbselbdqrig
rec_cocs14523jsre5ghaho0,rec_cocrpk523jsre5gha9f0,rec_cobdesq5ojbselbdqrig
rec_cocs14523jsre5ghahog,rec_cocrpk523jsre5gha9fg,rec_cobdesq5ojbselbdqrig
rec_cocs14523jsre5ghahp0,rec_cocrpk523jsre5gha9g0,rec_cobdesq5ojbselbdqrig
rec_cocs14523jsre5ghahpg,rec_cocrpk523jsre5gha9gg,rec_cobdesq5ojbselbdqrig
rec_cocs14523jsre5ghahq0,rec_cocrpk523jsre5gha9h0,rec_cobdesq5ojbselbdqrig
rec_cocs14523jsre5ghahqg,rec_cocrpk523jsre5gha9hg,rec_cobdesq5ojbselbdqrig
rec_cocs14523jsre5ghahr0,rec_cocrpk523jsre5gha9c0,rec_cobdesq5ojbselbdqrj0
rec_cocs14523jsre5ghahrg,rec_cocrpk523jsre5gha9cg,rec_cobdesq5ojbselbdqrj0
rec_cocs14523jsre5ghahs0,rec_cocrpk523jsre5gha9d0,rec_cobdesq5ojbselbdqrj0
rec_cocs14523jsre5ghahsg,rec_cocrpk523jsre5gha9dg,rec_cobdesq5ojbselbdqrj0
rec_cocs14523jsre5ghaht0,rec_cocrpk523jsre5gha9e0,rec_cobdesq5ojbselbdqrj0
rec_cocs14523jsre5ghahtg,rec_cocrpk523jsre5gha9eg,rec_cobdesq5ojbselbdqrj0
rec_cocs14523jsre5ghahu0,rec_cocrpk523jsre5gha9f0,rec_cobdesq5ojbselbdqrj0
rec_cocs14523jsre5ghahug,rec_cocrpk523jsre5gha9fg,rec_cobdesq5ojbselbdqrj0
rec_cocs14523jsre5ghahv0,rec_cocrpk523jsre5gha9g0,rec_cobdesq5ojbselbdqrj0
rec_cocs14523jsre5ghahvg,rec_cocrpk523jsre5gha9gg,rec_cobdesq5ojbselbdqrj0
rec_cocs14523jsre5ghai00,rec_cocrpk523jsre5gha9h0,rec_cobdesq5ojbselbdqrj0
rec_cocs14523jsre5ghai0g,rec_cocrpk523jsre5gha9hg,rec_cobdesq5ojbselbdqrj0
rec_cocs14523jsre5ghai10,rec_cocrpk523jsre5gha9c0,rec_cobdesq5ojbselbdqrjg
rec_cocs14523jsre5ghai1g,rec_cocrpk523jsre5gha9cg,rec_cobdesq5ojbselbdqrjg
rec_cocs14523jsre5ghai20,rec_cocrpk523jsre5gha9d0,rec_cobdesq5ojbselbdqrjg
rec_cocs14523jsre5ghai2g,rec_cocrpk523jsre5gha9dg,rec_cobdesq5ojbselbdqrjg
rec_cocs14523jsre5ghai30,rec_cocrpk523jsre5gha9e0,rec_cobdesq5ojbselbdqrjg
rec_cocs14523jsre5ghai3g,rec_cocrpk523jsre5gha9eg,rec_cobdesq5ojbselbdqrjg
rec_cocs14523jsre5ghai40,rec_cocrpk523jsre5gha9f0,rec_cobdesq5ojbselbdqrjg
rec_cocs14523jsre5ghai4g,rec_cocrpk523jsre5gha9fg,rec_cobdesq5ojbselbdqrjg
rec_cocs14523jsre5ghai50,rec_cocrpk523jsre5gha9g0,rec_cobdesq5ojbselbdqrjg
rec_cocs14523jsre5ghai5g,rec_cocrpk523jsre5gha9gg,rec_cobdesq5ojbselbdqrjg
rec_cocs14523jsre5ghai60,rec_cocrpk523jsre5gha9h0,rec_cobdesq5ojbselbdqrjg
rec_cocs14523jsre5ghai6g,rec_cocrpk523jsre5gha9hg,rec_cobdesq5ojbselbdqrjg
rec_cocs14523jsre5ghai70,rec_cocrpk523jsre5gha9c0,rec_cobdesq5ojbselbdqrk0
rec_cocs14523jsre5ghai7g,rec_cocrpk523jsre5gha9cg,rec_cobdesq5ojbselbdqrk0
rec_cocs14523jsre5ghai80,rec_cocrpk523jsre5gha9d0,rec_cobdesq5ojbselbdqrk0
rec_cocs14523jsre5ghai8g,rec_cocrpk523jsre5gha9dg,rec_cobdesq5ojbselbdqrk0
rec_cocs14523jsre5ghai90,rec_cocrpk523jsre5gha9e0,rec_cobdesq5ojbselbdqrk0
rec_cocs14523jsre5ghai9g,rec_cocrpk523jsre5gha9eg,rec_cobdesq5ojbselbdqrk0
rec_cocs14523jsre5ghaia0,rec_cocrpk523jsre5gha9f0,rec_cobdesq5ojbselbdqrk0
rec_cocs14523jsre5ghaiag,rec_cocrpk523jsre5gha9fg,rec_cobdesq5ojbselbdqrk0
rec_cocs14523jsre5ghaib0,rec_cocrpk523jsre5gha9g0,rec_cobdesq5ojbselbdqrk0
rec_cocs14523jsre5ghaibg,rec_cocrpk523jsre5gha9gg,rec_cobdesq5ojbselbdqrk0
rec_cocs14523jsre5ghaic0,rec_cocrpk523jsre5gha9h0,rec_cobdesq5ojbselbdqrk0
rec_cocs14523jsre5ghaicg,rec_cocrpk523jsre5gha9hg,rec_cobdesq5ojbselbdqrk0
rec_cocs14523jsre5ghaid0,rec_cocrpk523jsre5gha9c0,rec_cobdesq5ojbselbdqrkg
rec_cocs14523jsre5ghaidg,rec_cocrpk523jsre5gha9cg,rec_cobdesq5ojbselbdqrkg
rec_cocs14523jsre5ghaie0,rec_cocrpk523jsre5gha9d0,rec_cobdesq5ojbselbdqrkg
rec_cocs14523jsre5ghaieg,rec_cocrpk523jsre5gha9dg,rec_cobdesq5ojbselbdqrkg
rec_cocs14523jsre5ghaif0,rec_cocrpk523jsre5gha9e0,rec_cobdesq5ojbselbdqrkg
rec_cocs14523jsre5ghaifg,rec_cocrpk523jsre5gha9eg,rec_cobdesq5ojbselbdqrkg
rec_cocs14523jsre5ghaig0,rec_cocrpk523jsre5gha9f0,rec_cobdesq5ojbselbdqrkg
rec_cocs14523jsre5ghaigg,rec_cocrpk523jsre5gha9fg,rec_cobdesq5ojbselbdqrkg
rec_cocs14523jsre5ghaih0,rec_cocrpk523jsre5gha9g0,rec_cobdesq5ojbselbdqrkg
rec_cocs14523jsre5ghaihg,rec_cocrpk523jsre5gha9gg,rec_cobdesq5ojbselbdqrkg
rec_cocs14523jsre5ghaii0,rec_cocrpk523jsre5gha9h0,rec_cobdesq5ojbselbdqrkg
rec_cocs14523jsre5ghaiig,rec_cocrpk523jsre5gha9hg,rec_cobdesq5ojbselbdqrkg
rec_cocs14523jsre5ghaij0,rec_cocrpk523jsre5gha9c0,rec_cobdesq5ojbselbdqrl0
rec_cocs14523jsre5ghaijg,rec_cocrpk523jsre5gha9cg,rec_cobdesq5ojbselbdqrl0
rec_cocs14523jsre5ghaik0,rec_cocrpk523jsre5gha9d0,rec_cobdesq5ojbselbdqrl0
rec_cocs14523jsre5ghaikg,rec_cocrpk523jsre5gha9dg,rec_cobdesq5ojbselbdqrl0
rec_cocs14523jsre5ghail0,rec_cocrpk523jsre5gha9e0,rec_cobdesq5ojbselbdqrl0
rec_cocs14523jsre5ghailg,rec_cocrpk523jsre5gha9eg,rec_cobdesq5ojbselbdqrl0
rec_cocs14523jsre5ghaim0,rec_cocrpk523jsre5gha9f0,rec_cobdesq5ojbselbdqrl0
rec_cocs14523jsre5ghaimg,rec_cocrpk523jsre5gha9fg,rec_cobdesq5ojbselbdqrl0
rec_cocs14523jsre5ghain0,rec_cocrpk523jsre5gha9g0,rec_cobdesq5ojbselbdqrl0
rec_cocs14523jsre5ghaing,rec_cocrpk523jsre5gha9gg,rec_cobdesq5ojbselbdqrl0
rec_cocs14523jsre5ghaio0,rec_cocrpk523jsre5gha9h0,rec_cobdesq5ojbselbdqrl0
rec_cocs14523jsre5ghaiog,rec_cocrpk523jsre5gha9hg,rec_cobdesq5ojbselbdqrl0
rec_cocs14523jsre5ghaip0,rec_cocrpk523jsre5gha9c0,rec_cobdesq5ojbselbdqrlg
rec_cocs14523jsre5ghaipg,rec_cocrpk523jsre5gha9cg,rec_cobdesq5ojbselbdqrlg
rec_cocs14523jsre5ghaiq0,rec_cocrpk523jsre5gha9d0,rec_cobdesq5ojbselbdqrlg
rec_cocs14523jsre5ghaiqg,rec_cocrpk523jsre5gha9dg,rec_cobdesq5ojbselbdqrlg
rec_cocs14523jsre5ghair0,rec_cocrpk523jsre5gha9e0,rec_cobdesq5ojbselbdqrlg
rec_cocs14523jsre5ghairg,rec_cocrpk523jsre5gha9eg,rec_cobdesq5ojbselbdqrlg
rec_cocs14523jsre5ghais0,rec_cocrpk523jsre5gha9f0,rec_cobdesq5ojbselbdqrlg
rec_cocs14523jsre5ghaisg,rec_cocrpk523jsre5gha9fg,rec_cobdesq5ojbselbdqrlg
rec_cocs14523jsre5ghait0,rec_cocrpk523jsre5gha9g0,rec_cobdesq5ojbselbdqrlg
rec_cocs14523jsre5ghaitg,rec_cocrpk523jsre5gha9gg,rec_cobdesq5ojbselbdqrlg
rec_cocs14523jsre5ghaiu0,rec_cocrpk523jsre5gha9h0,rec_cobdesq5ojbselbdqrlg
rec_cocs14523jsre5ghaiug,rec_cocrpk523jsre5gha9hg,rec_cobdesq5ojbselbdqrlg
rec_cocs14523jsre5ghaiv0,rec_cocrpk523jsre5gha9c0,rec_cobdesq5ojbselbdqrm0
rec_cocs14523jsre5ghaivg,rec_cocrpk523jsre5gha9cg,rec_cobdesq5ojbselbdqrm0
rec_cocs14523jsre5ghaj00,rec_cocrpk523jsre5gha9d0,rec_cobdesq5ojbselbdqrm0
rec_cocs14523jsre5ghaj0g,rec_cocrpk523jsre5gha9dg,rec_cobdesq5ojbselbdqrm0
rec_cocs14523jsre5ghaj10,rec_cocrpk523jsre5gha9e0,rec_cobdesq5ojbselbdqrm0
rec_cocs14523jsre5ghaj1g,rec_cocrpk523jsre5gha9eg,rec_cobdesq5ojbselbdqrm0
rec_cocs14523jsre5ghaj20,rec_cocrpk523jsre5gha9f0,rec_cobdesq5ojbselbdqrm0
rec_cocs14523jsre5ghaj2g,rec_cocrpk523jsre5gha9fg,rec_cobdesq5ojbselbdqrm0
rec_cocs14523jsre5ghaj30,rec_cocrpk523jsre5gha9g0,rec_cobdesq5ojbselbdqrm0
rec_cocs14523jsre5ghaj3g,rec_cocrpk523jsre5gha9gg,rec_cobdesq5ojbselbdqrm0
rec_cocs14523jsre5ghaj40,rec_cocrpk523jsre5gha9h0,rec_cobdesq5ojbselbdqrm0
rec_cocs14523jsre5ghaj4g,rec_cocrpk523jsre5gha9hg,rec_cobdesq5ojbselbdqrm0
rec_cocs14523jsre5ghaj50,rec_cocrpk523jsre5gha9c0,rec_cobdesq5ojbselbdqrmg
rec_cocs14523jsre5ghaj5g,rec_cocrpk523jsre5gha9cg,rec_cobdesq5ojbselbdqrmg
rec_cocs14523jsre5ghaj60,rec_cocrpk523jsre5gha9d0,rec_cobdesq5ojbselbdqrmg
rec_cocs14523jsre5ghaj6g,rec_cocrpk523jsre5gha9dg,rec_cobdesq5ojbselbdqrmg
rec_cocs14523jsre5ghaj70,rec_cocrpk523jsre5gha9e0,rec_cobdesq5ojbselbdqrmg
rec_cocs14523jsre5ghaj7g,rec_cocrpk523jsre5gha9eg,rec_cobdesq5ojbselbdqrmg
rec_cocs14523jsre5ghaj80,rec_cocrpk523jsre5gha9f0,rec_cobdesq5ojbselbdqrmg
rec_cocs14523jsre5ghaj8g,rec_cocrpk523jsre5gha9fg,rec_cobdesq5ojbselbdqrmg
rec_cocs14523jsre5ghaj90,rec_cocrpk523jsre5gha9g0,rec_cobdesq5ojbselbdqrmg
rec_cocs14523jsre5ghaj9g,rec_cocrpk523jsre5gha9gg,rec_cobdesq5ojbselbdqrmg
rec_cocs14523jsre5ghaja0,rec_cocrpk523jsre5gha9h0,rec_cobdesq5ojbselbdqrmg
rec_cocs14523jsre5ghajag,rec_cocrpk523jsre5gha9hg,rec_cobdesq5ojbselbdqrmg
rec_cocs14523jsre5ghajb0,rec_cocrpk523jsre5gha9c0,rec_cobdesq5ojbselbdqrn0
rec_cocs14523jsre5ghajbg,rec_cocrpk523jsre5gha9cg,rec_cobdesq5ojbselbdqrn0
rec_cocs14523jsre5ghajc0,rec_cocrpk523jsre5gha9d0,rec_cobdesq5ojbselbdqrn0
rec_cocs14523jsre5ghajcg,rec_cocrpk523jsre5gha9dg,rec_cobdesq5ojbselbdqrn0
rec_cocs14523jsre5ghajd0,rec_cocrpk523jsre5gha9e0,rec_cobdesq5ojbselbdqrn0
rec_cocs14523jsre5ghajdg,rec_cocrpk523jsre5gha9eg,rec_cobdesq5ojbselbdqrn0
rec_cocs14523jsre5ghaje0,rec_cocrpk523jsre5gha9f0,rec_cobdesq5ojbselbdqrn0
rec_cocs14523jsre5ghajeg,rec_cocrpk523jsre5gha9fg,rec_cobdesq5ojbselbdqrn0
rec_cocs14523jsre5ghajf0,rec_cocrpk523jsre5gha9g0,rec_cobdesq5ojbselbdqrn0
rec_cocs14523jsre5ghajfg,rec_cocrpk523jsre5gha9gg,rec_cobdesq5ojbselbdqrn0
rec_cocs14523jsre5ghajg0,rec_cocrpk523jsre5gha9h0,rec_cobdesq5ojbselbdqrn0
rec_cocs14523jsre5ghajgg,rec_cocrpk523jsre5gha9hg,rec_cobdesq5ojbselbdqrn0
rec_cocs14523jsre5ghajh0,rec_cocrpk523jsre5gha9c0,rec_cobdesq5ojbselbdqrng
rec_cocs14523jsre5ghajhg,rec_cocrpk523jsre5gha9cg,rec_cobdesq5ojbselbdqrng
rec_cocs14523jsre5ghaji0,rec_cocrpk523jsre5gha9d0,rec_cobdesq5ojbselbdqrng
rec_cocs14523jsre5ghajig,rec_cocrpk523jsre5gha9dg,rec_cobdesq5ojbselbdqrng
rec_cocs14523jsre5ghajj0,rec_cocrpk523jsre5gha9e0,rec_cobdesq5ojbselbdqrng
rec_cocs14523jsre5ghajjg,rec_cocrpk523jsre5gha9eg,rec_cobdesq5ojbselbdqrng
rec_cocs14523jsre5ghajk0,rec_cocrpk523jsre5gha9f0,rec_cobdesq5ojbselbdqrng
rec_cocs14523jsre5ghajkg,rec_cocrpk523jsre5gha9fg,rec_cobdesq5ojbselbdqrng
rec_cocs14523jsre5ghajl0,rec_cocrpk523jsre5gha9g0,rec_cobdesq5ojbselbdqrng
rec_cocs14523jsre5ghajlg,rec_cocrpk523jsre5gha9gg,rec_cobdesq5ojbselbdqrng
rec_cocs14523jsre5ghajm0,rec_cocrpk523jsre5gha9h0,rec_cobdesq5ojbselbdqrng
rec_cocs14523jsre5ghajmg,rec_cocrpk523jsre5gha9hg,rec_cobdesq5ojbselbdqrng
rec_cocs14523jsre5ghajn0,rec_cocrpk523jsre5gha9c0,rec_cobdet25ojbselbdqro0
rec_cocs14523jsre5ghajng,rec_cocrpk523jsre5gha9cg,rec_cobdet25ojbselbdqro0
rec_cocs14523jsre5ghajo0,rec_cocrpk523jsre5gha9d0,rec_cobdet25ojbselbdqro0
rec_cocs14523jsre5ghajog,rec_cocrpk523jsre5gha9dg,rec_cobdet25ojbselbdqro0
rec_cocs14523jsre5ghajp0,rec_cocrpk523jsre5gha9e0,rec_cobdet25ojbselbdqro0
rec_cocs14523jsre5ghajpg,rec_cocrpk523jsre5gha9eg,rec_cobdet25ojbselbdqro0
rec_cocs14523jsre5ghajq0,rec_cocrpk523jsre5gha9f0,rec_cobdet25ojbselbdqro0
rec_cocs14523jsre5ghajqg,rec_cocrpk523jsre5gha9fg,rec_cobdet25ojbselbdqro0
rec_cocs14523jsre5ghajr0,rec_cocrpk523jsre5gha9g0,rec_cobdet25ojbselbdqro0
rec_cocs14523jsre5ghajrg,rec_cocrpk523jsre5gha9gg,rec_cobdet25ojbselbdqro0
rec_cocs14523jsre5ghajs0,rec_cocrpk523jsre5gha9h0,rec_cobdet25ojbselbdqro0
rec_cocs14523jsre5ghajsg,rec_cocrpk523jsre5gha9hg,rec_cobdet25ojbselbdqro0
rec_cocs14523jsre5ghajt0,rec_cocrpk523jsre5gha9c0,rec_cobdet25ojbselbdqrog
rec_cocs14523jsre5ghajtg,rec_cocrpk523jsre5gha9cg,rec_cobdet25ojbselbdqrog
rec_cocs14523jsre5ghaju0,rec_cocrpk523jsre5gha9d0,rec_cobdet25ojbselbdqrog
rec_cocs14523jsre5ghajug,rec_cocrpk523jsre5gha9dg,rec_cobdet25ojbselbdqrog
rec_cocs14523jsre5ghajv0,rec_cocrpk523jsre5gha9e0,rec_cobdet25ojbselbdqrog
rec_cocs14523jsre5ghajvg,rec_cocrpk523jsre5gha9eg,rec_cobdet25ojbselbdqrog
rec_cocs14523jsre5ghak00,rec_cocrpk523jsre5gha9f0,rec_cobdet25ojbselbdqrog
rec_cocs14523jsre5ghak0g,rec_cocrpk523jsre5gha9fg,rec_cobdet25ojbselbdqrog
rec_cocs14523jsre5ghak10,rec_cocrpk523jsre5gha9g0,rec_cobdet25ojbselbdqrog
rec_cocs14523jsre5ghak1g,rec_cocrpk523jsre5gha9gg,rec_cobdet25ojbselbdqrog
rec_cocs14523jsre5ghak20,rec_cocrpk523jsre5gha9h0,rec_cobdet25ojbselbdqrog
rec_cocs14523jsre5ghak2g,rec_cocrpk523jsre5gha9hg,rec_cobdet25ojbselbdqrog
rec_cocs14523jsre5ghak30,rec_cocrpk523jsre5gha9c0,rec_cobdet25ojbselbdqrpg
rec_cocs14523jsre5ghak3g,rec_cocrpk523jsre5gha9cg,rec_cobdet25ojbselbdqrpg
rec_cocs14523jsre5ghak40,rec_cocrpk523jsre5gha9d0,rec_cobdet25ojbselbdqrpg
rec_cocs14523jsre5ghak4g,rec_cocrpk523jsre5gha9dg,rec_cobdet25ojbselbdqrpg
rec_cocs14523jsre5ghak50,rec_cocrpk523jsre5gha9e0,rec_cobdet25ojbselbdqrpg
rec_cocs14523jsre5ghak5g,rec_cocrpk523jsre5gha9eg,rec_cobdet25ojbselbdqrpg
rec_cocs14523jsre5ghak60,rec_cocrpk523jsre5gha9f0,rec_cobdet25ojbselbdqrpg
rec_cocs14523jsre5ghak6g,rec_cocrpk523jsre5gha9fg,rec_cobdet25ojbselbdqrpg
rec_cocs14523jsre5ghak70,rec_cocrpk523jsre5gha9g0,rec_cobdet25ojbselbdqrpg
rec_cocs14523jsre5ghak7g,rec_cocrpk523jsre5gha9gg,rec_cobdet25ojbselbdqrpg
rec_cocs14523jsre5ghak80,rec_cocrpk523jsre5gha9h0,rec_cobdet25ojbselbdqrpg
rec_cocs14523jsre5ghak8g,rec_cocrpk523jsre5gha9hg,rec_cobdet25ojbselbdqrpg
rec_cocs14523jsre5ghak90,rec_cocrpk523jsre5gha9c0,rec_cobdet25ojbselbdqrp0
rec_cocs14523jsre5ghak9g,rec_cocrpk523jsre5gha9cg,rec_cobdet25ojbselbdqrp0
rec_cocs14523jsre5ghaka0,rec_cocrpk523jsre5gha9d0,rec_cobdet25ojbselbdqrp0
rec_cocs14523jsre5ghakag,rec_cocrpk523jsre5gha9dg,rec_cobdet25ojbselbdqrp0
rec_cocs14523jsre5ghakb0,rec_cocrpk523jsre5gha9e0,rec_cobdet25ojbselbdqrp0
rec_cocs14523jsre5ghakbg,rec_cocrpk523jsre5gha9eg,rec_cobdet25ojbselbdqrp0
rec_cocs14523jsre5ghakc0,rec_cocrpk523jsre5gha9f0,rec_cobdet25ojbselbdqrp0
rec_cocs14523jsre5ghakcg,rec_cocrpk523jsre5gha9fg,rec_cobdet25ojbselbdqrp0
rec_cocs14523jsre5ghakd0,rec_cocrpk523jsre5gha9g0,rec_cobdet25ojbselbdqrp0
rec_cocs14523jsre5ghakdg,rec_cocrpk523jsre5gha9gg,rec_cobdet25ojbselbdqrp0
rec_cocs14523jsre5ghake0,rec_cocrpk523jsre5gha9h0,rec_cobdet25ojbselbdqrp0
rec_cocs14523jsre5ghakeg,rec_cocrpk523jsre5gha9hg,rec_cobdet25ojbselbdqrp0
rec_cocs14523jsre5ghakf0,rec_cocrpk523jsre5gha9c0,rec_cobdet25ojbselbdqru0
rec_cocs14523jsre5ghakfg,rec_cocrpk523jsre5gha9cg,rec_cobdet25ojbselbdqru0
rec_cocs14523jsre5ghakg0,rec_cocrpk523jsre5gha9d0,rec_cobdet25ojbselbdqru0
rec_cocs14523jsre5ghakgg,rec_cocrpk523jsre5gha9dg,rec_cobdet25ojbselbdqru0
rec_cocs14523jsre5ghakh0,rec_cocrpk523jsre5gha9e0,rec_cobdet25ojbselbdqru0
rec_cocs14523jsre5ghakhg,rec_cocrpk523jsre5gha9eg,rec_cobdet25ojbselbdqru0
rec_cocs14523jsre5ghaki0,rec_cocrpk523jsre5gha9f0,rec_cobdet25ojbselbdqru0
rec_cocs14523jsre5ghakig,rec_cocrpk523jsre5gha9fg,rec_cobdet25ojbselbdqru0
rec_cocs14523jsre5ghakj0,rec_cocrpk523jsre5gha9g0,rec_cobdet25ojbselbdqru0
rec_cocs14523jsre5ghakjg,rec_cocrpk523jsre5gha9gg,rec_cobdet25ojbselbdqru0
rec_cocs14523jsre5ghakk0,rec_cocrpk523jsre5gha9h0,rec_cobdet25ojbselbdqru0
rec_cocs14523jsre5ghakkg,rec_cocrpk523jsre5gha9hg,rec_cobdet25ojbselbdqru0
rec_cocs14523jsre5ghakl0,rec_cocrpk523jsre5gha9c0,rec_cobdet25ojbselbdqrq0
rec_cocs14523jsre5ghaklg,rec_cocrpk523jsre5gha9cg,rec_cobdet25ojbselbdqrq0
rec_cocs14523jsre5ghakm0,rec_cocrpk523jsre5gha9d0,rec_cobdet25ojbselbdqrq0
rec_cocs14523jsre5ghakmg,rec_cocrpk523jsre5gha9dg,rec_cobdet25ojbselbdqrq0
rec_cocs14523jsre5ghakn0,rec_cocrpk523jsre5gha9e0,rec_cobdet25ojbselbdqrq0
rec_cocs14523jsre5ghakng,rec_cocrpk523jsre5gha9eg,rec_cobdet25ojbselbdqrq0
rec_cocs14523jsre5ghako0,rec_cocrpk523jsre5gha9f0,rec_cobdet25ojbselbdqrq0
rec_cocs14523jsre5ghakog,rec_cocrpk523jsre5gha9fg,rec_cobdet25ojbselbdqrq0
rec_cocs14523jsre5ghakp0,rec_cocrpk523jsre5gha9g0,rec_cobdet25ojbselbdqrq0
rec_cocs14523jsre5ghakpg,rec_cocrpk523jsre5gha9gg,rec_cobdet25ojbselbdqrq0
rec_cocs14523jsre5ghakq0,rec_cocrpk523jsre5gha9h0,rec_cobdet25ojbselbdqrq0
rec_cocs14523jsre5ghakqg,rec_cocrpk523jsre5gha9hg,rec_cobdet25ojbselbdqrq0
rec_cocs14523jsre5ghakr0,rec_cocrpk523jsre5gha9c0,rec_cobdet25ojbselbdqrqg
rec_cocs14523jsre5ghakrg,rec_cocrpk523jsre5gha9cg,rec_cobdet25ojbselbdqrqg
rec_cocs14523jsre5ghaks0,rec_cocrpk523jsre5gha9d0,rec_cobdet25ojbselbdqrqg
rec_cocs14523jsre5ghaksg,rec_cocrpk523jsre5gha9dg,rec_cobdet25ojbselbdqrqg
rec_cocs14523jsre5ghakt0,rec_cocrpk523jsre5gha9e0,rec_cobdet25ojbselbdqrqg
rec_cocs14523jsre5ghaktg,rec_cocrpk523jsre5gha9eg,rec_cobdet25ojbselbdqrqg
rec_cocs14523jsre5ghaku0,rec_cocrpk523jsre5gha9f0,rec_cobdet25ojbselbdqrqg
rec_cocs14523jsre5ghakug,rec_cocrpk523jsre5gha9fg,rec_cobdet25ojbselbdqrqg
rec_cocs14523jsre5ghakv0,rec_cocrpk523jsre5gha9g0,rec_cobdet25ojbselbdqrqg
rec_cocs14523jsre5ghakvg,rec_cocrpk523jsre5gha9gg,rec_cobdet25ojbselbdqrqg
rec_cocs14523jsre5ghal00,rec_cocrpk523jsre5gha9h0,rec_cobdet25ojbselbdqrqg
rec_cocs14523jsre5ghal0g,rec_cocrpk523jsre5gha9hg,rec_cobdet25ojbselbdqrqg
rec_cor06j4tgl04ngb6habg,rec_cor05fctgl04ngb6hab0,rec_cobdet25ojbselbdqs0g
rec_cor0a00oepqha1jsmgp0,rec_cor09jctgl04ngb6hacg,rec_cobdet25ojbselbdqrq0
rec_cp2a2lvvvv266bunm6kg,rec_cocrpk523jsre5gha9c0,rec_cobdesq5ojbselbdqr9g
rec_cq5bi6j29bhdoikd5br0,rec_cq5bhk43egbkt99udu0g,rec_cobdesq5ojbselbdqrm0
rec_cqf25hv206kua2cork00,rec_cqf224u36t01tjk3eeng,rec_cobdesq5ojbselbdqra0
rec_cqf25vv206kua2cork0g,rec_cqf224u36t01tjk3eeng,rec_cobdesq5ojbselbdqrm0
rec_cqmo48be3sl710hq3gj0,rec_cqmo3bt5cg2i2qgm09e0,rec_cqmo42pmv924o3cbrfvg
rec_cra62l75feplfgqrs96g,rec_cra62abn2o4oraop1f40,rec_cra5utm2au65ds841ulg
rec_crgvsi3qt64cbg13nb9g,rec_crgvs86245qevvuienqg,rec_cobdesq5ojbselbdqr2g
rec_crgvsmjqt64cbg13nbag,rec_crgvs86245qevvuienqg,rec_cobdesq5ojbselbdqr60
rec_crgvt26245qevvuiensg,rec_crgvs86245qevvuienqg,rec_cobdesq5ojbselbdqr50
rec_crgvtgbqt64cbg13nbbg,rec_crgvq93qt64cbg13nb50,rec_cobdet25ojbselbdqrqg
