id,xata_id,topic_id,subject_matter_expert_id,created_at,updated_at,version,api_data
1,rec_cobh2b4jmvif9dac1i3g,1,5,,,,
2,rec_cobh2i5bjt595h63l27g,6,38,,,,
3,rec_cobh2msjmvif9dac1i40,4,38,,,,
4,rec_cobh2t5bjt595h63l280,8,5,,,,
5,rec_cobh33cjmvif9dac1i50,19,33,,,,
6,rec_cobh36kjmvif9dac1i5g,4,33,,,,
7,rec_cocbntrtoib24jp051pg,17,38,,,,
8,rec_cocboav7gom81e15fgcg,17,33,,,,
9,rec_cocbqhrtoib24jp051qg,17,14,,,,
10,rec_cocbrfutp0ni9u4cn00g,17,6,,,,
11,rec_cocrhr523jsre5gha820,33,43,,,,
12,rec_cocrhr523jsre5gha82g,34,43,,,,
13,rec_cocrhr523jsre5gha830,56,65,,,,
14,rec_cocrhr523jsre5gha83g,11,23,,,,
15,rec_cocrhr523jsre5gha840,13,28,,,,
16,rec_cocrhr523jsre5gha84g,14,3,,,,
17,rec_cocrhr523jsre5gha850,21,69,,,,
18,rec_cocrhr523jsre5gha85g,32,73,,,,
19,rec_cocrhr523jsre5gha860,1,33,,,,
20,rec_cocrhr523jsre5gha86g,16,33,,,,
21,rec_cocrhr523jsre5gha870,19,33,,,,
22,rec_cocrhr523jsre5gha87g,7,16,,,,
23,rec_cocrhr523jsre5gha880,2,7,,,,
24,rec_cocrhr523jsre5gha88g,37,11,,,,
25,rec_cocrhr523jsre5gha890,33,57,,,,
26,rec_cocrhr523jsre5gha89g,48,9,,,,
27,rec_cocrhr523jsre5gha8a0,47,35,,,,
28,rec_cocrhr523jsre5gha8ag,38,13,,,,
29,rec_cocrhr523jsre5gha8b0,1,38,,,,
30,rec_cocrhr523jsre5gha8bg,6,38,,,,
31,rec_cocrhr523jsre5gha8c0,38,38,,,,
32,rec_cocrhr523jsre5gha8cg,8,38,,,,
33,rec_cocrhr523jsre5gha8d0,12,38,,,,
34,rec_cocrhr523jsre5gha8dg,16,38,,,,
35,rec_cocrhr523jsre5gha8e0,36,38,,,,
36,rec_cocrhr523jsre5gha8eg,19,38,,,,
37,rec_cocrhr523jsre5gha8f0,48,38,,,,
38,rec_cocrhr523jsre5gha8fg,37,37,,,,
39,rec_cocrhr523jsre5gha8g0,7,47,,,,
40,rec_cocrhr523jsre5gha8gg,15,46,,,,
41,rec_cocrhr523jsre5gha8h0,42,77,,,,
42,rec_cocrhr523jsre5gha8hg,4,62,,,,
43,rec_cocrhr523jsre5gha8ig,49,44,,,,
44,rec_cocrhr523jsre5gha8j0,19,18,,,,
45,rec_cocrhr523jsre5gha8jg,36,20,,,,
46,rec_cocrhr523jsre5gha8k0,47,20,,,,
47,rec_cocrhr523jsre5gha8kg,21,20,,,,
48,rec_cocrhr523jsre5gha8l0,27,52,,,,
49,rec_cocrhr523jsre5gha8lg,13,50,,,,
50,rec_cocrhr523jsre5gha8m0,31,51,,,,
51,rec_cocrhr523jsre5gha8mg,7,58,,,,
52,rec_cocrhr523jsre5gha8n0,6,5,,,,
53,rec_cocrhr523jsre5gha8ng,1,5,,,,
54,rec_cocrhr523jsre5gha8o0,16,5,,,,
55,rec_cocrhr523jsre5gha8og,17,15,,,,
56,rec_cocrhr523jsre5gha8p0,2,22,,,,
57,rec_cocrhr523jsre5gha8pg,18,30,,,,
58,rec_cocrhr523jsre5gha8q0,2,40,,,,
59,rec_cocrhr523jsre5gha8qg,45,40,,,,
60,rec_cocrhr523jsre5gha8r0,43,40,,,,
61,rec_cocrhr523jsre5gha8rg,40,32,,,,
62,rec_cocrhr523jsre5gha8s0,18,10,,,,
63,rec_cocrhr523jsre5gha8sg,58,55,,,,
64,rec_cocrhr523jsre5gha8t0,33,1,,,,
65,rec_cocrhr523jsre5gha8tg,38,76,,,,
66,rec_cocrhr523jsre5gha8u0,37,8,,,,
67,rec_cocrhr523jsre5gha8ug,41,24,,,,
68,rec_cocrhr523jsre5gha8v0,36,39,,,,
69,rec_cocrhr523jsre5gha8vg,17,82,,,,
70,rec_cocrhr523jsre5gha900,13,60,,,,
71,rec_cocrhr523jsre5gha90g,27,27,,,,
72,rec_cocrhr523jsre5gha910,47,27,,,,
73,rec_cocrhr523jsre5gha91g,17,56,,,,
74,rec_cocrhr523jsre5gha920,41,12,,,,
75,rec_cocrhr523jsre5gha92g,27,26,,,,
76,rec_cocrhr523jsre5gha930,5,74,,,,
77,rec_cocrhr523jsre5gha93g,35,74,,,,
78,rec_cocrhr523jsre5gha940,4,45,,,,
79,rec_cocrhr523jsre5gha94g,59,66,,,,
80,rec_cocrhr523jsre5gha950,56,64,,,,
81,rec_cocrhr523jsre5gha95g,42,61,,,,
82,rec_cocrhr523jsre5gha960,5,4,,,,
83,rec_cocrhr523jsre5gha96g,31,29,,,,
84,rec_cocrhr523jsre5gha970,40,19,,,,
85,rec_cocrhr523jsre5gha97g,21,48,,,,
86,rec_cocrhr523jsre5gha980,38,48,,,,
87,rec_cocrhr523jsre5gha98g,48,49,,,,
88,rec_cocrhr523jsre5gha990,11,25,,,,
89,rec_cocrhr523jsre5gha99g,23,31,,,,
90,rec_cocrhr523jsre5gha9a0,14,70,,,,
91,rec_cocrhr523jsre5gha9ag,19,63,,,,
92,rec_cp1qhff6gfslia6uoe2g,64,36,,,,
93,rec_cp2a5g34f9p514bqbbbg,11,38,,,,
94,rec_cp2a5g34f9p514bqbbc0,14,38,,,,
95,rec_cp2a5g34f9p514bqbbcg,7,38,,,,
96,rec_cp2a5g34f9p514bqbbd0,13,38,,,,
97,rec_cp2a5g34f9p514bqbbdg,10,38,,,,
98,rec_cp2a5g34f9p514bqbbe0,5,38,,,,
99,rec_cp2a5g34f9p514bqbbeg,2,38,,,,
100,rec_cp2a5g34f9p514bqbbf0,18,38,,,,
101,rec_cp2a5g34f9p514bqbbfg,20,38,,,,
102,rec_cp2a5g34f9p514bqbbg0,22,38,,,,
103,rec_cp2a5g34f9p514bqbbgg,15,38,,,,
104,rec_cp2a5g34f9p514bqbbh0,27,38,,,,
105,rec_cp2a5g34f9p514bqbbhg,25,38,,,,
106,rec_cp2a5g34f9p514bqbbi0,26,38,,,,
107,rec_cp2a5g34f9p514bqbbig,29,38,,,,
108,rec_cp2a5g34f9p514bqbbj0,30,38,,,,
109,rec_cp2a5g34f9p514bqbbjg,28,38,,,,
110,rec_cp2a5g34f9p514bqbbk0,32,38,,,,
111,rec_cp2a5g34f9p514bqbbkg,33,38,,,,
112,rec_cp2a5g34f9p514bqbbl0,23,38,,,,
113,rec_cp2a5g34f9p514bqbblg,35,38,,,,
114,rec_cp2a5g34f9p514bqbbm0,37,38,,,,
115,rec_cp2a5g34f9p514bqbbmg,40,38,,,,
116,rec_cp2a5g34f9p514bqbbn0,39,38,,,,
117,rec_cp2a5g34f9p514bqbbng,45,38,,,,
118,rec_cp2a5g34f9p514bqbbo0,41,38,,,,
119,rec_cp2a5g34f9p514bqbbog,49,38,,,,
120,rec_cp2a5g76gfslia6usubg,9,38,,,,
121,rec_cp2a5g76gfslia6usuc0,24,38,,,,
122,rec_cp2a5g76gfslia6usucg,31,38,,,,
123,rec_cp2a5g76gfslia6usud0,34,38,,,,
124,rec_cp2a5g76gfslia6usudg,42,38,,,,
125,rec_cp2a5g7vvv266bunm6m0,3,38,,,,
126,rec_cp2a5g7vvv266bunm6mg,21,38,,,,
127,rec_cp2a5gb4f9p514bqbbp0,46,38,,,,
128,rec_cp2a5gb4f9p514bqbbpg,47,38,,,,
129,rec_cp2a5gb4f9p514bqbbq0,44,38,,,,
130,rec_cp2a5gb4f9p514bqbbqg,55,38,,,,
131,rec_cp2a5gb4f9p514bqbbr0,51,38,,,,
132,rec_cp2a5gb4f9p514bqbbrg,53,38,,,,
133,rec_cp2a5gb4f9p514bqbbs0,58,38,,,,
134,rec_cp2a5gb4f9p514bqbbsg,52,38,,,,
135,rec_cp2a5gb4f9p514bqbbt0,57,38,,,,
136,rec_cp2a5gb4f9p514bqbbtg,50,38,,,,
137,rec_cp2a5gb4f9p514bqbbu0,61,38,,,,
138,rec_cp2a5gb4f9p514bqbbug,64,38,,,,
139,rec_cp2a5gb4f9p514bqbbv0,3,33,,,,
140,rec_cp2a5gb4f9p514bqbbvg,63,38,,,,
141,rec_cp2a5gb4f9p514bqbc00,6,33,,,,
142,rec_cp2a5gb4f9p514bqbc0g,7,33,,,,
143,rec_cp2a5gb4f9p514bqbc10,5,33,,,,
144,rec_cp2a5gb4f9p514bqbc1g,10,33,,,,
145,rec_cp2a5gb4f9p514bqbc20,11,33,,,,
146,rec_cp2a5gb4f9p514bqbc2g,12,33,,,,
147,rec_cp2a5gb4f9p514bqbc30,18,33,,,,
148,rec_cp2a5gb4f9p514bqbc3g,20,33,,,,
149,rec_cp2a5gb4f9p514bqbc40,22,33,,,,
150,rec_cp2a5gb4f9p514bqbc4g,24,33,,,,
151,rec_cp2a5gb4f9p514bqbc50,28,33,,,,
152,rec_cp2a5gb4f9p514bqbc5g,26,33,,,,
153,rec_cp2a5gb4f9p514bqbc60,29,33,,,,
154,rec_cp2a5gb4f9p514bqbc6g,31,33,,,,
155,rec_cp2a5gb4f9p514bqbc70,32,33,,,,
156,rec_cp2a5gb4f9p514bqbc7g,34,33,,,,
157,rec_cp2a5gb4f9p514bqbc80,42,33,,,,
158,rec_cp2a5gb4f9p514bqbc8g,45,33,,,,
159,rec_cp2a5gb4f9p514bqbc90,46,33,,,,
160,rec_cp2a5gb4f9p514bqbc9g,48,33,,,,
161,rec_cp2a5gb4f9p514bqbca0,50,33,,,,
162,rec_cp2a5gb4f9p514bqbcag,51,33,,,,
163,rec_cp2a5gb4f9p514bqbcb0,53,33,,,,
164,rec_cp2a5gb4f9p514bqbcbg,56,33,,,,
165,rec_cp2a5gb4f9p514bqbcc0,52,33,,,,
166,rec_cp2a5gb4f9p514bqbccg,55,33,,,,
167,rec_cp2a5gb4f9p514bqbcd0,59,33,,,,
168,rec_cp2a5gb4f9p514bqbcdg,61,33,,,,
169,rec_cp2a5gb4f9p514bqbce0,62,33,,,,
170,rec_cp2a5gb4f9p514bqbceg,2,5,,,,
171,rec_cp2a5gf6gfslia6usue0,43,38,,,,
172,rec_cp2a5gf6gfslia6usueg,56,38,,,,
173,rec_cp2a5gf6gfslia6usuf0,59,38,,,,
174,rec_cp2a5gf6gfslia6usufg,2,33,,,,
175,rec_cp2a5gf6gfslia6usug0,8,33,,,,
176,rec_cp2a5gf6gfslia6usugg,9,33,,,,
177,rec_cp2a5gf6gfslia6usuh0,14,33,,,,
178,rec_cp2a5gf6gfslia6usuhg,15,33,,,,
179,rec_cp2a5gf6gfslia6usui0,23,33,,,,
180,rec_cp2a5gf6gfslia6usuig,35,33,,,,
181,rec_cp2a5gf6gfslia6usuj0,37,33,,,,
182,rec_cp2a5gf6gfslia6usujg,39,33,,,,
183,rec_cp2a5gf6gfslia6usuk0,38,33,,,,
184,rec_cp2a5gf6gfslia6usukg,41,33,,,,
185,rec_cp2a5gf6gfslia6usul0,44,33,,,,
186,rec_cp2a5gf6gfslia6usulg,43,33,,,,
187,rec_cp2a5gf6gfslia6usum0,58,33,,,,
188,rec_cp2a5gf6gfslia6usumg,57,33,,,,
189,rec_cp2a5gf6gfslia6usun0,60,33,,,,
190,rec_cp2a5gfvvv266bunm6n0,54,38,,,,
191,rec_cp2a5gfvvv266bunm6ng,60,38,,,,
192,rec_cp2a5gfvvv266bunm6o0,62,38,,,,
193,rec_cp2a5gfvvv266bunm6og,13,33,,,,
194,rec_cp2a5gfvvv266bunm6p0,21,33,,,,
195,rec_cp2a5gfvvv266bunm6pg,25,33,,,,
196,rec_cp2a5gfvvv266bunm6q0,27,33,,,,
197,rec_cp2a5gfvvv266bunm6qg,30,33,,,,
198,rec_cp2a5gfvvv266bunm6r0,33,33,,,,
199,rec_cp2a5gfvvv266bunm6rg,36,33,,,,
200,rec_cp2a5gfvvv266bunm6s0,40,33,,,,
201,rec_cp2a5gfvvv266bunm6sg,47,33,,,,
202,rec_cp2a5gfvvv266bunm6t0,49,33,,,,
203,rec_cp2a5gfvvv266bunm6tg,54,33,,,,
204,rec_cp2a5gfvvv266bunm6u0,64,33,,,,
205,rec_cp2a5gj4f9p514bqbcf0,47,5,,,,
206,rec_cp2a5gj4f9p514bqbcfg,50,5,,,,
207,rec_cp2a5gj4f9p514bqbcg0,49,5,,,,
208,rec_cp2a5gj4f9p514bqbcgg,52,5,,,,
209,rec_cp2a5gj4f9p514bqbch0,56,5,,,,
210,rec_cp2a5gj4f9p514bqbchg,59,5,,,,
211,rec_cp2a5gj4f9p514bqbci0,60,5,,,,
212,rec_cp2a5gj4f9p514bqbcig,62,5,,,,
213,rec_cp2a5gj4f9p514bqbcj0,63,5,,,,
214,rec_cp2a5gj4f9p514bqbcjg,64,5,,,,
215,rec_cp2a5gj4f9p514bqbck0,3,40,,,,
216,rec_cp2a5gj4f9p514bqbckg,1,40,,,,
217,rec_cp2a5gj4f9p514bqbcl0,5,40,,,,
218,rec_cp2a5gj4f9p514bqbclg,4,40,,,,
219,rec_cp2a5gj4f9p514bqbcm0,6,40,,,,
220,rec_cp2a5gj4f9p514bqbcmg,9,40,,,,
221,rec_cp2a5gj4f9p514bqbco0,13,40,,,,
222,rec_cp2a5gj4f9p514bqbcog,14,40,,,,
223,rec_cp2a5gj4f9p514bqbcp0,18,40,,,,
224,rec_cp2a5gj4f9p514bqbcpg,19,40,,,,
225,rec_cp2a5gj4f9p514bqbcq0,21,40,,,,
226,rec_cp2a5gj4f9p514bqbcqg,22,40,,,,
227,rec_cp2a5gj4f9p514bqbcr0,23,40,,,,
228,rec_cp2a5gj4f9p514bqbcrg,25,40,,,,
229,rec_cp2a5gj4f9p514bqbcs0,27,40,,,,
230,rec_cp2a5gj4f9p514bqbcsg,30,40,,,,
231,rec_cp2a5gj4f9p514bqbct0,31,40,,,,
232,rec_cp2a5gj4f9p514bqbctg,34,40,,,,
233,rec_cp2a5gj4f9p514bqbcu0,35,40,,,,
234,rec_cp2a5gj4f9p514bqbcug,36,40,,,,
235,rec_cp2a5gj4f9p514bqbcv0,33,40,,,,
236,rec_cp2a5gj4f9p514bqbcvg,41,40,,,,
237,rec_cp2a5gj4f9p514bqbd00,40,40,,,,
238,rec_cp2a5gj4f9p514bqbd0g,44,40,,,,
239,rec_cp2a5gj4f9p514bqbd10,42,40,,,,
240,rec_cp2a5gj4f9p514bqbd1g,51,40,,,,
241,rec_cp2a5gj4f9p514bqbd20,49,40,,,,
242,rec_cp2a5gj4f9p514bqbd2g,46,40,,,,
243,rec_cp2a5gj4f9p514bqbd30,50,40,,,,
244,rec_cp2a5gj4f9p514bqbd3g,54,40,,,,
245,rec_cp2a5gj4f9p514bqbd40,55,40,,,,
246,rec_cp2a5gj4f9p514bqbd4g,56,40,,,,
247,rec_cp2a5gj4f9p514bqbd50,59,40,,,,
248,rec_cp2a5gj4f9p514bqbd5g,57,40,,,,
249,rec_cp2a5gj4f9p514bqbd60,62,40,,,,
250,rec_cp2a5gn6gfslia6usung,48,5,,,,
251,rec_cp2a5gn6gfslia6usuo0,54,5,,,,
252,rec_cp2a5gn6gfslia6usuog,55,5,,,,
253,rec_cp2a5gn6gfslia6usup0,58,5,,,,
254,rec_cp2a5gn6gfslia6usupg,57,5,,,,
255,rec_cp2a5gn6gfslia6usuq0,7,40,,,,
256,rec_cp2a5gn6gfslia6usuqg,16,40,,,,
257,rec_cp2a5gn6gfslia6usur0,20,40,,,,
258,rec_cp2a5gn6gfslia6usurg,24,40,,,,
259,rec_cp2a5gn6gfslia6usus0,26,40,,,,
260,rec_cp2a5gn6gfslia6ususg,29,40,,,,
261,rec_cp2a5gn6gfslia6usut0,39,40,,,,
262,rec_cp2a5gn6gfslia6usutg,38,40,,,,
263,rec_cp2a5gn6gfslia6usuu0,48,40,,,,
264,rec_cp2a5gn6gfslia6usuug,52,40,,,,
265,rec_cp2a5gn6gfslia6usuv0,53,40,,,,
266,rec_cp2a5gnvvv266bunm6ug,45,5,,,,
267,rec_cp2a5gnvvv266bunm6v0,51,5,,,,
268,rec_cp2a5gnvvv266bunm6vg,53,5,,,,
269,rec_cp2a5gnvvv266bunm700,61,5,,,,
270,rec_cp2a5gnvvv266bunm70g,8,40,,,,
271,rec_cp2a5gnvvv266bunm71g,15,40,,,,
272,rec_cp2a5gnvvv266bunm720,17,40,,,,
273,rec_cp2a5gnvvv266bunm72g,28,40,,,,
274,rec_cp2a5gnvvv266bunm730,32,40,,,,
275,rec_cp2a5gnvvv266bunm73g,37,40,,,,
276,rec_cp2a5gnvvv266bunm740,47,40,,,,
277,rec_cp2a5gr4f9p514bqbd6g,48,20,,,,
278,rec_cp2a5gr4f9p514bqbd70,54,20,,,,
279,rec_cp2a5gr4f9p514bqbd7g,52,20,,,,
280,rec_cp2a5gr4f9p514bqbd80,49,20,,,,
281,rec_cp2a5gr4f9p514bqbd8g,53,20,,,,
282,rec_cp2a5gr4f9p514bqbd90,55,20,,,,
283,rec_cp2a5gr4f9p514bqbd9g,51,20,,,,
284,rec_cp2a5gr4f9p514bqbda0,58,20,,,,
285,rec_cp2a5gr4f9p514bqbdag,59,20,,,,
286,rec_cp2a5gr4f9p514bqbdb0,5,48,,,,
287,rec_cp2a5gr4f9p514bqbdc0,63,20,,,,
288,rec_cp2a5gr4f9p514bqbdcg,61,20,,,,
289,rec_cp2a5gr4f9p514bqbdd0,6,48,,,,
290,rec_cp2a5gr4f9p514bqbddg,8,48,,,,
291,rec_cp2a5gr4f9p514bqbde0,12,48,,,,
292,rec_cp2a5gr4f9p514bqbdf0,4,48,,,,
293,rec_cp2a5gr4f9p514bqbdfg,13,48,,,,
294,rec_cp2a5gr4f9p514bqbdg0,17,48,,,,
295,rec_cp2a5gr4f9p514bqbdgg,18,48,,,,
296,rec_cp2a5gr4f9p514bqbdh0,23,48,,,,
297,rec_cp2a5gr4f9p514bqbdhg,22,48,,,,
298,rec_cp2a5gr4f9p514bqbdi0,30,48,,,,
299,rec_cp2a5gr4f9p514bqbdig,28,48,,,,
300,rec_cp2a5gr4f9p514bqbdj0,33,48,,,,
301,rec_cp2a5gr4f9p514bqbdjg,27,48,,,,
302,rec_cp2a5gr4f9p514bqbdk0,34,48,,,,
303,rec_cp2a5gr4f9p514bqbdkg,41,48,,,,
304,rec_cp2a5gr4f9p514bqbdl0,40,48,,,,
305,rec_cp2a5gr4f9p514bqbdlg,44,48,,,,
306,rec_cp2a5gr4f9p514bqbdm0,42,48,,,,
307,rec_cp2a5gr4f9p514bqbdmg,45,48,,,,
308,rec_cp2a5gr4f9p514bqbdn0,46,48,,,,
309,rec_cp2a5gv6gfslia6usuvg,50,20,,,,
310,rec_cp2a5gv6gfslia6usv00,57,20,,,,
311,rec_cp2a5gv6gfslia6usv0g,56,20,,,,
312,rec_cp2a5gv6gfslia6usv10,1,48,,,,
313,rec_cp2a5gv6gfslia6usv1g,7,48,,,,
314,rec_cp2a5gv6gfslia6usv20,9,48,,,,
315,rec_cp2a5gv6gfslia6usv2g,2,48,,,,
316,rec_cp2a5gv6gfslia6usv30,14,48,,,,
317,rec_cp2a5gv6gfslia6usv3g,16,48,,,,
318,rec_cp2a5gv6gfslia6usv40,32,48,,,,
319,rec_cp2a5gv6gfslia6usv4g,25,48,,,,
320,rec_cp2a5gv6gfslia6usv50,24,48,,,,
321,rec_cp2a5gv6gfslia6usv5g,37,48,,,,
322,rec_cp2a5gv6gfslia6usv60,36,48,,,,
323,rec_cp2a5gvvvv266bunm74g,60,20,,,,
324,rec_cp2a5gvvvv266bunm750,62,20,,,,
325,rec_cp2a5gvvvv266bunm75g,64,20,,,,
326,rec_cp2a5gvvvv266bunm760,3,48,,,,
327,rec_cp2a5gvvvv266bunm76g,15,48,,,,
328,rec_cp2a5gvvvv266bunm770,19,48,,,,
329,rec_cp2a5gvvvv266bunm77g,26,48,,,,
330,rec_cp2a5gvvvv266bunm780,20,48,,,,
331,rec_cp2a5gvvvv266bunm78g,29,48,,,,
332,rec_cp2a5gvvvv266bunm790,35,48,,,,
333,rec_cp2a5gvvvv266bunm79g,39,48,,,,
334,rec_cp2a5gvvvv266bunm7a0,31,48,,,,
335,rec_cp2a5gvvvv266bunm7ag,43,48,,,,
336,rec_cp2a5gvvvv266bunm7b0,48,48,,,,
337,rec_cp2a5gvvvv266bunm7bg,50,48,,,,
338,rec_cp2a5gvvvv266bunm7c0,53,48,,,,
339,rec_cp2a5gvvvv266bunm7cg,55,48,,,,
340,rec_cp2a5h34f9p514bqbdng,47,48,,,,
341,rec_cp2a5h34f9p514bqbdo0,54,48,,,,
342,rec_cp2a5h34f9p514bqbdog,56,48,,,,
343,rec_cp2a5h34f9p514bqbdp0,58,48,,,,
344,rec_cp2a5h34f9p514bqbdpg,61,48,,,,
345,rec_cp2a5h34f9p514bqbdq0,7,27,,,,
346,rec_cp2a5h34f9p514bqbdqg,13,27,,,,
347,rec_cp2a5h34f9p514bqbdr0,16,27,,,,
348,rec_cp2a5h34f9p514bqbds0,10,27,,,,
349,rec_cp2a5h34f9p514bqbdsg,2,27,,,,
350,rec_cp2a5h34f9p514bqbdt0,9,27,,,,
351,rec_cp2a5h34f9p514bqbdtg,18,27,,,,
352,rec_cp2a5h34f9p514bqbdu0,23,27,,,,
353,rec_cp2a5h34f9p514bqbdug,21,27,,,,
354,rec_cp2a5h34f9p514bqbdv0,20,27,,,,
355,rec_cp2a5h34f9p514bqbdvg,19,27,,,,
356,rec_cp2a5h34f9p514bqbe00,26,27,,,,
357,rec_cp2a5h34f9p514bqbe0g,29,27,,,,
358,rec_cp2a5h34f9p514bqbe10,30,27,,,,
359,rec_cp2a5h34f9p514bqbe1g,32,27,,,,
360,rec_cp2a5h34f9p514bqbe20,34,27,,,,
361,rec_cp2a5h34f9p514bqbe2g,31,27,,,,
362,rec_cp2a5h34f9p514bqbe30,37,27,,,,
363,rec_cp2a5h34f9p514bqbe3g,39,27,,,,
364,rec_cp2a5h34f9p514bqbe40,41,27,,,,
365,rec_cp2a5h34f9p514bqbe4g,48,27,,,,
366,rec_cp2a5h34f9p514bqbe50,40,27,,,,
367,rec_cp2a5h34f9p514bqbe5g,42,27,,,,
368,rec_cp2a5h34f9p514bqbe60,44,27,,,,
369,rec_cp2a5h34f9p514bqbe6g,45,27,,,,
370,rec_cp2a5h34f9p514bqbe70,51,27,,,,
371,rec_cp2a5h34f9p514bqbe7g,52,27,,,,
372,rec_cp2a5h34f9p514bqbe80,53,27,,,,
373,rec_cp2a5h34f9p514bqbe8g,55,27,,,,
374,rec_cp2a5h34f9p514bqbe90,56,27,,,,
375,rec_cp2a5h34f9p514bqbe9g,60,27,,,,
376,rec_cp2a5h34f9p514bqbea0,59,27,,,,
377,rec_cp2a5h34f9p514bqbeag,57,27,,,,
378,rec_cp2a5h34f9p514bqbeb0,58,27,,,,
379,rec_cp2a5h34f9p514bqbebg,61,27,,,,
380,rec_cp2a5h34f9p514bqbec0,62,27,,,,
381,rec_cp2a5h34f9p514bqbecg,63,27,,,,
382,rec_cp2a5h76gfslia6usv6g,51,48,,,,
383,rec_cp2a5h76gfslia6usv70,57,48,,,,
384,rec_cp2a5h76gfslia6usv7g,52,48,,,,
385,rec_cp2a5h76gfslia6usv80,49,48,,,,
386,rec_cp2a5h76gfslia6usv8g,62,48,,,,
387,rec_cp2a5h76gfslia6usv90,3,27,,,,
388,rec_cp2a5h76gfslia6usv9g,64,48,,,,
389,rec_cp2a5h76gfslia6usva0,1,27,,,,
390,rec_cp2a5h76gfslia6usvag,8,27,,,,
391,rec_cp2a5h76gfslia6usvb0,5,27,,,,
392,rec_cp2a5h76gfslia6usvbg,14,27,,,,
393,rec_cp2a5h76gfslia6usvc0,15,27,,,,
394,rec_cp2a5h76gfslia6usvcg,17,27,,,,
395,rec_cp2a5h76gfslia6usvd0,22,27,,,,
396,rec_cp2a5h76gfslia6usvdg,25,27,,,,
397,rec_cp2a5h76gfslia6usve0,28,27,,,,
398,rec_cp2a5h76gfslia6usveg,38,27,,,,
399,rec_cp2a5h76gfslia6usvf0,36,27,,,,
400,rec_cp2a5h76gfslia6usvfg,35,27,,,,
401,rec_cp2a5h76gfslia6usvg0,43,27,,,,
402,rec_cp2a5h76gfslia6usvgg,49,27,,,,
403,rec_cp2a5h76gfslia6usvh0,46,27,,,,
404,rec_cp2a5h76gfslia6usvhg,50,27,,,,
405,rec_cp2a5h76gfslia6usvi0,54,27,,,,
406,rec_cp2a5h76gfslia6usvig,64,27,,,,
407,rec_cp2a5h76gfslia6usvj0,2,74,,,,
408,rec_cp2a5h7vvv266bunm7d0,59,48,,,,
409,rec_cp2a5h7vvv266bunm7dg,63,48,,,,
410,rec_cp2a5h7vvv266bunm7e0,4,27,,,,
411,rec_cp2a5h7vvv266bunm7eg,60,48,,,,
412,rec_cp2a5h7vvv266bunm7f0,6,27,,,,
413,rec_cp2a5h7vvv266bunm7g0,24,27,,,,
414,rec_cp2a5h7vvv266bunm7gg,33,27,,,,
415,rec_cp2a5hb4f9p514bqbed0,26,74,,,,
416,rec_cp2a5hb4f9p514bqbedg,27,74,,,,
417,rec_cp2a5hb4f9p514bqbee0,28,74,,,,
418,rec_cp2a5hb4f9p514bqbeeg,29,74,,,,
419,rec_cp2a5hb4f9p514bqbef0,31,74,,,,
420,rec_cp2a5hb4f9p514bqbefg,32,74,,,,
421,rec_cp2a5hb4f9p514bqbeg0,34,74,,,,
422,rec_cp2a5hb4f9p514bqbegg,37,74,,,,
423,rec_cp2a5hb4f9p514bqbeh0,39,74,,,,
424,rec_cp2a5hb4f9p514bqbehg,41,74,,,,
425,rec_cp2a5hb4f9p514bqbei0,42,74,,,,
426,rec_cp2a5hb4f9p514bqbeig,43,74,,,,
427,rec_cp2a5hb4f9p514bqbej0,44,74,,,,
428,rec_cp2a5hb4f9p514bqbejg,47,74,,,,
429,rec_cp2a5hb4f9p514bqbek0,49,74,,,,
430,rec_cp2a5hb4f9p514bqbekg,52,74,,,,
431,rec_cp2a5hb4f9p514bqbel0,51,74,,,,
432,rec_cp2a5hb4f9p514bqbelg,54,74,,,,
433,rec_cp2a5hb4f9p514bqbem0,57,74,,,,
434,rec_cp2a5hb4f9p514bqbemg,59,74,,,,
435,rec_cp2a5hb4f9p514bqben0,64,74,,,,
436,rec_cp2a5hb4f9p514bqbeng,63,74,,,,
437,rec_cp2a5hb4f9p514bqbeo0,1,43,,,,
438,rec_cp2a5hb4f9p514bqbeog,4,43,,,,
439,rec_cp2a5hb4f9p514bqbep0,5,43,,,,
440,rec_cp2a5hb4f9p514bqbeq0,7,43,,,,
441,rec_cp2a5hb4f9p514bqbeqg,13,43,,,,
442,rec_cp2a5hb4f9p514bqber0,14,43,,,,
443,rec_cp2a5hb4f9p514bqberg,18,43,,,,
444,rec_cp2a5hb4f9p514bqbes0,17,43,,,,
445,rec_cp2a5hb4f9p514bqbesg,15,43,,,,
446,rec_cp2a5hb4f9p514bqbet0,21,43,,,,
447,rec_cp2a5hb4f9p514bqbetg,25,43,,,,
448,rec_cp2a5hb4f9p514bqbeu0,24,43,,,,
449,rec_cp2a5hb4f9p514bqbeug,26,43,,,,
450,rec_cp2a5hb4f9p514bqbev0,32,43,,,,
451,rec_cp2a5hb4f9p514bqbevg,31,43,,,,
452,rec_cp2a5hb4f9p514bqbf00,30,43,,,,
453,rec_cp2a5hb4f9p514bqbf0g,38,43,,,,
454,rec_cp2a5hb4f9p514bqbf10,39,43,,,,
455,rec_cp2a5hf6gfslia6usvjg,33,74,,,,
456,rec_cp2a5hf6gfslia6usvk0,36,74,,,,
457,rec_cp2a5hf6gfslia6usvkg,46,74,,,,
458,rec_cp2a5hf6gfslia6usvl0,50,74,,,,
459,rec_cp2a5hf6gfslia6usvlg,55,74,,,,
460,rec_cp2a5hf6gfslia6usvm0,58,74,,,,
461,rec_cp2a5hf6gfslia6usvmg,62,74,,,,
462,rec_cp2a5hf6gfslia6usvn0,61,74,,,,
463,rec_cp2a5hf6gfslia6usvng,2,43,,,,
464,rec_cp2a5hf6gfslia6usvo0,3,43,,,,
465,rec_cp2a5hf6gfslia6usvog,8,43,,,,
466,rec_cp2a5hf6gfslia6usvp0,9,43,,,,
467,rec_cp2a5hf6gfslia6usvqg,19,43,,,,
468,rec_cp2a5hf6gfslia6usvr0,20,43,,,,
469,rec_cp2a5hf6gfslia6usvrg,23,43,,,,
470,rec_cp2a5hf6gfslia6usvs0,27,43,,,,
471,rec_cp2a5hf6gfslia6usvsg,28,43,,,,
472,rec_cp2a5hf6gfslia6usvt0,35,43,,,,
473,rec_cp2a5hf6gfslia6usvtg,37,43,,,,
474,rec_cp2a5hfvvv266bunm7h0,30,74,,,,
475,rec_cp2a5hfvvv266bunm7hg,38,74,,,,
476,rec_cp2a5hfvvv266bunm7i0,40,74,,,,
477,rec_cp2a5hfvvv266bunm7ig,45,74,,,,
478,rec_cp2a5hfvvv266bunm7j0,48,74,,,,
479,rec_cp2a5hfvvv266bunm7jg,53,74,,,,
480,rec_cp2a5hfvvv266bunm7k0,56,74,,,,
481,rec_cp2a5hfvvv266bunm7kg,60,74,,,,
482,rec_cp2a5hfvvv266bunm7l0,6,43,,,,
483,rec_cp2a5hfvvv266bunm7lg,16,43,,,,
484,rec_cp2a5hfvvv266bunm7m0,22,43,,,,
485,rec_cp2a5hfvvv266bunm7mg,29,43,,,,
486,rec_cp2a5hfvvv266bunm7n0,36,43,,,,
487,rec_cp2a5hj4f9p514bqbf1g,35,82,,,,
488,rec_cp2a5hj4f9p514bqbf20,36,82,,,,
489,rec_cp2a5hj4f9p514bqbf2g,42,82,,,,
490,rec_cp2a5hj4f9p514bqbf30,43,82,,,,
491,rec_cp2a5hj4f9p514bqbf3g,45,82,,,,
492,rec_cp2a5hj4f9p514bqbf40,46,82,,,,
493,rec_cp2a5hj4f9p514bqbf4g,47,82,,,,
494,rec_cp2a5hj4f9p514bqbf50,48,82,,,,
495,rec_cp2a5hj4f9p514bqbf5g,51,82,,,,
496,rec_cp2a5hj4f9p514bqbf60,54,82,,,,
497,rec_cp2a5hj4f9p514bqbf6g,49,82,,,,
498,rec_cp2a5hj4f9p514bqbf70,55,82,,,,
499,rec_cp2a5hj4f9p514bqbf7g,57,82,,,,
500,rec_cp2a5hj4f9p514bqbf80,59,82,,,,
501,rec_cp2a5hj4f9p514bqbf8g,58,82,,,,
502,rec_cp2a5hj4f9p514bqbf90,60,82,,,,
503,rec_cp2a5hj4f9p514bqbf9g,63,82,,,,
504,rec_cp2a5hj4f9p514bqbfa0,64,82,,,,
505,rec_cp2a5hj4f9p514bqbfag,1,66,,,,
506,rec_cp2a5hj4f9p514bqbfb0,4,66,,,,
507,rec_cp2a5hj4f9p514bqbfbg,5,66,,,,
508,rec_cp2a5hj4f9p514bqbfc0,8,66,,,,
509,rec_cp2a5hj4f9p514bqbfcg,6,66,,,,
510,rec_cp2a5hj4f9p514bqbfd0,3,66,,,,
511,rec_cp2a5hj4f9p514bqbfdg,9,66,,,,
512,rec_cp2a5hj4f9p514bqbfeg,13,66,,,,
513,rec_cp2a5hj4f9p514bqbffg,14,66,,,,
514,rec_cp2a5hj4f9p514bqbfg0,16,66,,,,
515,rec_cp2a5hj4f9p514bqbfgg,19,66,,,,
516,rec_cp2a5hj4f9p514bqbfh0,20,66,,,,
517,rec_cp2a5hj4f9p514bqbfhg,21,66,,,,
518,rec_cp2a5hj4f9p514bqbfi0,22,66,,,,
519,rec_cp2a5hj4f9p514bqbfig,23,66,,,,
520,rec_cp2a5hj4f9p514bqbfj0,24,66,,,,
521,rec_cp2a5hj4f9p514bqbfjg,25,66,,,,
522,rec_cp2a5hj4f9p514bqbfk0,26,66,,,,
523,rec_cp2a5hj4f9p514bqbfkg,27,66,,,,
524,rec_cp2a5hj4f9p514bqbfl0,28,66,,,,
525,rec_cp2a5hj4f9p514bqbflg,32,66,,,,
526,rec_cp2a5hj4f9p514bqbfm0,33,66,,,,
527,rec_cp2a5hj4f9p514bqbfmg,34,66,,,,
528,rec_cp2a5hj4f9p514bqbfn0,39,66,,,,
529,rec_cp2a5hj4f9p514bqbfng,38,66,,,,
530,rec_cp2a5hj4f9p514bqbfo0,37,66,,,,
531,rec_cp2a5hj4f9p514bqbfog,36,66,,,,
532,rec_cp2a5hj4f9p514bqbfp0,41,66,,,,
533,rec_cp2a5hj4f9p514bqbfpg,44,66,,,,
534,rec_cp2a5hj4f9p514bqbfq0,42,66,,,,
535,rec_cp2a5hn6gfslia6usvu0,34,82,,,,
536,rec_cp2a5hn6gfslia6usvug,39,82,,,,
537,rec_cp2a5hn6gfslia6usvv0,38,82,,,,
538,rec_cp2a5hn6gfslia6usvvg,40,82,,,,
539,rec_cp2a5hn6gfslia6ut000,41,82,,,,
540,rec_cp2a5hn6gfslia6ut00g,50,82,,,,
541,rec_cp2a5hn6gfslia6ut010,53,82,,,,
542,rec_cp2a5hn6gfslia6ut01g,56,82,,,,
543,rec_cp2a5hn6gfslia6ut020,62,82,,,,
544,rec_cp2a5hn6gfslia6ut02g,7,66,,,,
545,rec_cp2a5hn6gfslia6ut030,2,66,,,,
546,rec_cp2a5hn6gfslia6ut03g,18,66,,,,
547,rec_cp2a5hn6gfslia6ut040,17,66,,,,
548,rec_cp2a5hn6gfslia6ut04g,29,66,,,,
549,rec_cp2a5hn6gfslia6ut050,30,66,,,,
550,rec_cp2a5hn6gfslia6ut05g,31,66,,,,
551,rec_cp2a5hn6gfslia6ut060,35,66,,,,
552,rec_cp2a5hn6gfslia6ut06g,43,66,,,,
553,rec_cp2a5hn6gfslia6ut070,40,66,,,,
554,rec_cp2a5hnvvv266bunm7ng,37,82,,,,
555,rec_cp2a5hnvvv266bunm7o0,44,82,,,,
556,rec_cp2a5hnvvv266bunm7og,52,82,,,,
557,rec_cp2a5hnvvv266bunm7p0,61,82,,,,
558,rec_cp2a5hnvvv266bunm7q0,15,66,,,,
559,rec_cp2a5hr4f9p514bqbfqg,34,4,,,,
560,rec_cp2a5hr4f9p514bqbfr0,35,4,,,,
561,rec_cp2a5hr4f9p514bqbfrg,37,4,,,,
562,rec_cp2a5hr4f9p514bqbfs0,42,4,,,,
563,rec_cp2a5hr4f9p514bqbfsg,38,4,,,,
564,rec_cp2a5hr4f9p514bqbft0,43,4,,,,
565,rec_cp2a5hr4f9p514bqbftg,36,4,,,,
566,rec_cp2a5hr4f9p514bqbfu0,41,4,,,,
567,rec_cp2a5hr4f9p514bqbfug,40,4,,,,
568,rec_cp2a5hr4f9p514bqbfv0,47,4,,,,
569,rec_cp2a5hr4f9p514bqbfvg,48,4,,,,
570,rec_cp2a5hr4f9p514bqbg00,49,4,,,,
571,rec_cp2a5hr4f9p514bqbg0g,51,4,,,,
572,rec_cp2a5hr4f9p514bqbg10,50,4,,,,
573,rec_cp2a5hr4f9p514bqbg1g,55,4,,,,
574,rec_cp2a5hr4f9p514bqbg20,56,4,,,,
575,rec_cp2a5hr4f9p514bqbg2g,59,4,,,,
576,rec_cp2a5hr4f9p514bqbg30,58,4,,,,
577,rec_cp2a5hr4f9p514bqbg3g,61,4,,,,
578,rec_cp2a5hr4f9p514bqbg40,64,4,,,,
579,rec_cp2a5hr4f9p514bqbg4g,2,35,,,,
580,rec_cp2a5hr4f9p514bqbg50,3,35,,,,
581,rec_cp2a5hr4f9p514bqbg5g,5,35,,,,
582,rec_cp2a5hr4f9p514bqbg60,4,35,,,,
583,rec_cp2a5hr4f9p514bqbg6g,8,35,,,,
584,rec_cp2a5hr4f9p514bqbg7g,13,35,,,,
585,rec_cp2a5hr4f9p514bqbg80,15,35,,,,
586,rec_cp2a5hr4f9p514bqbg8g,14,35,,,,
587,rec_cp2a5hr4f9p514bqbg90,16,35,,,,
588,rec_cp2a5hr4f9p514bqbg9g,21,35,,,,
589,rec_cp2a5hr4f9p514bqbga0,23,35,,,,
590,rec_cp2a5hr4f9p514bqbgag,20,35,,,,
591,rec_cp2a5hr4f9p514bqbgb0,22,35,,,,
592,rec_cp2a5hr4f9p514bqbgbg,24,35,,,,
593,rec_cp2a5hr4f9p514bqbgc0,27,35,,,,
594,rec_cp2a5hr4f9p514bqbgcg,26,35,,,,
595,rec_cp2a5hr4f9p514bqbgd0,28,35,,,,
596,rec_cp2a5hr4f9p514bqbgdg,29,35,,,,
597,rec_cp2a5hr4f9p514bqbge0,31,35,,,,
598,rec_cp2a5hr4f9p514bqbgeg,32,35,,,,
599,rec_cp2a5hr4f9p514bqbgf0,34,35,,,,
600,rec_cp2a5hr4f9p514bqbgfg,36,35,,,,
601,rec_cp2a5hr4f9p514bqbgg0,37,35,,,,
602,rec_cp2a5hr4f9p514bqbggg,38,35,,,,
603,rec_cp2a5hr4f9p514bqbgh0,43,35,,,,
604,rec_cp2a5hr4f9p514bqbghg,40,35,,,,
605,rec_cp2a5hr4f9p514bqbgi0,44,35,,,,
606,rec_cp2a5hv6gfslia6ut07g,44,4,,,,
607,rec_cp2a5hv6gfslia6ut080,39,4,,,,
608,rec_cp2a5hv6gfslia6ut08g,45,4,,,,
609,rec_cp2a5hv6gfslia6ut090,46,4,,,,
610,rec_cp2a5hv6gfslia6ut09g,52,4,,,,
611,rec_cp2a5hv6gfslia6ut0a0,54,4,,,,
612,rec_cp2a5hv6gfslia6ut0ag,63,4,,,,
613,rec_cp2a5hv6gfslia6ut0b0,62,4,,,,
614,rec_cp2a5hv6gfslia6ut0bg,7,35,,,,
615,rec_cp2a5hv6gfslia6ut0d0,19,35,,,,
616,rec_cp2a5hv6gfslia6ut0dg,17,35,,,,
617,rec_cp2a5hv6gfslia6ut0e0,30,35,,,,
618,rec_cp2a5hv6gfslia6ut0eg,41,35,,,,
619,rec_cp2a5hvvvv266bunm7qg,53,4,,,,
620,rec_cp2a5hvvvv266bunm7r0,57,4,,,,
621,rec_cp2a5hvvvv266bunm7rg,60,4,,,,
622,rec_cp2a5hvvvv266bunm7s0,1,35,,,,
623,rec_cp2a5hvvvv266bunm7sg,6,35,,,,
624,rec_cp2a5hvvvv266bunm7t0,9,35,,,,
625,rec_cp2a5hvvvv266bunm7tg,18,35,,,,
626,rec_cp2a5hvvvv266bunm7u0,25,35,,,,
627,rec_cp2a5hvvvv266bunm7ug,33,35,,,,
628,rec_cp2a5hvvvv266bunm7v0,35,35,,,,
629,rec_cp2a5hvvvv266bunm7vg,39,35,,,,
630,rec_cp2a5hvvvv266bunm800,42,35,,,,
631,rec_cp2a5i34f9p514bqbgig,39,77,,,,
632,rec_cp2a5i34f9p514bqbgj0,43,77,,,,
633,rec_cp2a5i34f9p514bqbgjg,41,77,,,,
634,rec_cp2a5i34f9p514bqbgk0,38,77,,,,
635,rec_cp2a5i34f9p514bqbgkg,46,77,,,,
636,rec_cp2a5i34f9p514bqbgl0,40,77,,,,
637,rec_cp2a5i34f9p514bqbglg,48,77,,,,
638,rec_cp2a5i34f9p514bqbgm0,49,77,,,,
639,rec_cp2a5i34f9p514bqbgmg,50,77,,,,
640,rec_cp2a5i34f9p514bqbgn0,52,77,,,,
641,rec_cp2a5i34f9p514bqbgng,51,77,,,,
642,rec_cp2a5i34f9p514bqbgo0,54,77,,,,
643,rec_cp2a5i34f9p514bqbgog,55,77,,,,
644,rec_cp2a5i34f9p514bqbgp0,59,77,,,,
645,rec_cp2a5i34f9p514bqbgpg,60,77,,,,
646,rec_cp2a5i34f9p514bqbgq0,61,77,,,,
647,rec_cp2a5i34f9p514bqbgqg,62,77,,,,
648,rec_cp2a5i34f9p514bqbgr0,64,77,,,,
649,rec_cp2a5i76gfslia6ut0f0,45,77,,,,
650,rec_cp2a5i76gfslia6ut0fg,47,77,,,,
651,rec_cp2a5i76gfslia6ut0g0,57,77,,,,
652,rec_cp2a5i76gfslia6ut0gg,56,77,,,,
653,rec_cp2a5i76gfslia6ut0h0,63,77,,,,
654,rec_cp2a5i7vvv266bunm80g,44,77,,,,
655,rec_cp2a5i7vvv266bunm810,53,77,,,,
656,rec_cp2a5i7vvv266bunm81g,58,77,,,,
657,rec_cp2acs34f9p514bqbh2g,5,5,,,,
658,rec_cp2acs34f9p514bqbh30,63,33,,,,
659,rec_cp2acs34f9p514bqbh3g,64,33,,,,
660,rec_cp2acs34f9p514bqbh40,2,5,,,,
661,rec_cp2acs34f9p514bqbh50,10,5,,,,
662,rec_cp2acs34f9p514bqbh5g,13,5,,,,
663,rec_cp2acs34f9p514bqbh60,17,5,,,,
664,rec_cp2acs34f9p514bqbh6g,19,5,,,,
665,rec_cp2acs34f9p514bqbh70,18,5,,,,
666,rec_cp2acs34f9p514bqbh7g,20,5,,,,
667,rec_cp2acs34f9p514bqbh80,23,5,,,,
668,rec_cp2acs34f9p514bqbh8g,21,5,,,,
669,rec_cp2acs34f9p514bqbh90,26,5,,,,
670,rec_cp2acs34f9p514bqbh9g,24,5,,,,
671,rec_cp2acs34f9p514bqbha0,25,5,,,,
672,rec_cp2acs34f9p514bqbhag,27,5,,,,
673,rec_cp2acs34f9p514bqbhb0,29,5,,,,
674,rec_cp2acs34f9p514bqbhbg,30,5,,,,
675,rec_cp2acs34f9p514bqbhc0,31,5,,,,
676,rec_cp2acs34f9p514bqbhcg,28,5,,,,
677,rec_cp2acs34f9p514bqbhd0,36,5,,,,
678,rec_cp2acs34f9p514bqbhdg,37,5,,,,
679,rec_cp2acs34f9p514bqbhe0,40,5,,,,
680,rec_cp2acs34f9p514bqbheg,42,5,,,,
681,rec_cp2acs34f9p514bqbhf0,44,5,,,,
682,rec_cp2acs34f9p514bqbhfg,46,5,,,,
683,rec_cp2acs34f9p514bqbhg0,48,5,,,,
684,rec_cp2acs34f9p514bqbhgg,50,5,,,,
685,rec_cp2acs34f9p514bqbhh0,51,5,,,,
686,rec_cp2acs34f9p514bqbhhg,53,5,,,,
687,rec_cp2acs34f9p514bqbhi0,56,5,,,,
688,rec_cp2acs34f9p514bqbhig,61,5,,,,
689,rec_cp2acs34f9p514bqbhj0,63,5,,,,
690,rec_cp2acs34f9p514bqbhjg,3,40,,,,
691,rec_cp2acs34f9p514bqbhk0,6,40,,,,
692,rec_cp2acs34f9p514bqbhkg,5,40,,,,
693,rec_cp2acs34f9p514bqbhl0,7,40,,,,
694,rec_cp2acs34f9p514bqbhlg,9,40,,,,
695,rec_cp2acs34f9p514bqbhmg,11,40,,,,
696,rec_cp2acs34f9p514bqbhng,14,40,,,,
697,rec_cp2acs76gfslia6ut0i0,7,5,,,,
698,rec_cp2acs76gfslia6ut0ig,4,5,,,,
699,rec_cp2acs76gfslia6ut0j0,14,5,,,,
700,rec_cp2acs76gfslia6ut0jg,12,5,,,,
701,rec_cp2acs76gfslia6ut0k0,22,5,,,,
702,rec_cp2acs76gfslia6ut0kg,34,5,,,,
703,rec_cp2acs76gfslia6ut0l0,33,5,,,,
704,rec_cp2acs76gfslia6ut0lg,35,5,,,,
705,rec_cp2acs76gfslia6ut0m0,38,5,,,,
706,rec_cp2acs76gfslia6ut0mg,41,5,,,,
707,rec_cp2acs76gfslia6ut0n0,47,5,,,,
708,rec_cp2acs76gfslia6ut0ng,49,5,,,,
709,rec_cp2acs76gfslia6ut0o0,55,5,,,,
710,rec_cp2acs76gfslia6ut0og,60,5,,,,
711,rec_cp2acs76gfslia6ut0p0,58,5,,,,
712,rec_cp2acs76gfslia6ut0pg,57,5,,,,
713,rec_cp2acs76gfslia6ut0q0,62,5,,,,
714,rec_cp2acs76gfslia6ut0qg,1,40,,,,
715,rec_cp2acs76gfslia6ut0r0,4,40,,,,
716,rec_cp2acs76gfslia6ut0rg,8,40,,,,
717,rec_cp2acs7vvv266bunm820,3,5,,,,
718,rec_cp2acs7vvv266bunm82g,9,5,,,,
719,rec_cp2acs7vvv266bunm830,15,5,,,,
720,rec_cp2acs7vvv266bunm83g,32,5,,,,
721,rec_cp2acs7vvv266bunm840,39,5,,,,
722,rec_cp2acs7vvv266bunm84g,43,5,,,,
723,rec_cp2acs7vvv266bunm850,45,5,,,,
724,rec_cp2acs7vvv266bunm85g,54,5,,,,
725,rec_cp2acs7vvv266bunm860,52,5,,,,
726,rec_cp2acs7vvv266bunm86g,59,5,,,,
727,rec_cp2acs7vvv266bunm870,64,5,,,,
728,rec_cp2acs7vvv266bunm87g,13,40,,,,
729,rec_cp2acsb4f9p514bqbho0,54,40,,,,
730,rec_cp2acsb4f9p514bqbhog,50,40,,,,
731,rec_cp2acsb4f9p514bqbhp0,51,40,,,,
732,rec_cp2acsb4f9p514bqbhpg,53,40,,,,
733,rec_cp2acsb4f9p514bqbhq0,52,40,,,,
734,rec_cp2acsb4f9p514bqbhqg,57,40,,,,
735,rec_cp2acsb4f9p514bqbhr0,61,40,,,,
736,rec_cp2acsb4f9p514bqbhrg,59,40,,,,
737,rec_cp2acsb4f9p514bqbhs0,62,40,,,,
738,rec_cp2acsb4f9p514bqbhsg,2,20,,,,
739,rec_cp2acsb4f9p514bqbht0,63,40,,,,
740,rec_cp2acsb4f9p514bqbhtg,5,20,,,,
741,rec_cp2acsb4f9p514bqbhu0,6,20,,,,
742,rec_cp2acsb4f9p514bqbhv0,13,20,,,,
743,rec_cp2acsb4f9p514bqbhvg,8,20,,,,
744,rec_cp2acsb4f9p514bqbi00,15,20,,,,
745,rec_cp2acsb4f9p514bqbi0g,16,20,,,,
746,rec_cp2acsb4f9p514bqbi10,19,20,,,,
747,rec_cp2acsb4f9p514bqbi1g,22,20,,,,
748,rec_cp2acsb4f9p514bqbi20,23,20,,,,
749,rec_cp2acsb4f9p514bqbi2g,25,20,,,,
750,rec_cp2acsb4f9p514bqbi30,24,20,,,,
751,rec_cp2acsb4f9p514bqbi3g,28,20,,,,
752,rec_cp2acsb4f9p514bqbi40,27,20,,,,
753,rec_cp2acsb4f9p514bqbi4g,30,20,,,,
754,rec_cp2acsb4f9p514bqbi50,31,20,,,,
755,rec_cp2acsb4f9p514bqbi5g,32,20,,,,
756,rec_cp2acsb4f9p514bqbi60,38,20,,,,
757,rec_cp2acsb4f9p514bqbi6g,40,20,,,,
758,rec_cp2acsb4f9p514bqbi70,42,20,,,,
759,rec_cp2acsb4f9p514bqbi7g,43,20,,,,
760,rec_cp2acsb4f9p514bqbi80,44,20,,,,
761,rec_cp2acsb4f9p514bqbi8g,46,20,,,,
762,rec_cp2acsb4f9p514bqbi90,48,20,,,,
763,rec_cp2acsb4f9p514bqbi9g,49,20,,,,
764,rec_cp2acsb4f9p514bqbia0,50,20,,,,
765,rec_cp2acsb4f9p514bqbiag,52,20,,,,
766,rec_cp2acsb4f9p514bqbib0,54,20,,,,
767,rec_cp2acsb4f9p514bqbibg,59,20,,,,
768,rec_cp2acsb4f9p514bqbic0,55,20,,,,
769,rec_cp2acsb4f9p514bqbicg,60,20,,,,
770,rec_cp2acsb4f9p514bqbid0,63,20,,,,
771,rec_cp2acsf6gfslia6ut0s0,49,40,,,,
772,rec_cp2acsf6gfslia6ut0sg,56,40,,,,
773,rec_cp2acsf6gfslia6ut0t0,1,20,,,,
774,rec_cp2acsf6gfslia6ut0tg,3,20,,,,
775,rec_cp2acsf6gfslia6ut0u0,7,20,,,,
776,rec_cp2acsf6gfslia6ut0ug,9,20,,,,
777,rec_cp2acsf6gfslia6ut0v0,14,20,,,,
778,rec_cp2acsf6gfslia6ut0vg,10,20,,,,
779,rec_cp2acsf6gfslia6ut100,18,20,,,,
780,rec_cp2acsf6gfslia6ut10g,29,20,,,,
781,rec_cp2acsf6gfslia6ut110,33,20,,,,
782,rec_cp2acsf6gfslia6ut11g,35,20,,,,
783,rec_cp2acsf6gfslia6ut120,37,20,,,,
784,rec_cp2acsf6gfslia6ut12g,45,20,,,,
785,rec_cp2acsf6gfslia6ut130,51,20,,,,
786,rec_cp2acsf6gfslia6ut13g,56,20,,,,
787,rec_cp2acsf6gfslia6ut140,57,20,,,,
788,rec_cp2acsf6gfslia6ut14g,61,20,,,,
789,rec_cp2acsfvvv266bunm880,55,40,,,,
790,rec_cp2acsfvvv266bunm88g,58,40,,,,
791,rec_cp2acsfvvv266bunm890,60,40,,,,
792,rec_cp2acsfvvv266bunm89g,64,40,,,,
793,rec_cp2acsfvvv266bunm8a0,4,20,,,,
794,rec_cp2acsfvvv266bunm8b0,17,20,,,,
795,rec_cp2acsfvvv266bunm8bg,20,20,,,,
796,rec_cp2acsfvvv266bunm8c0,26,20,,,,
797,rec_cp2acsfvvv266bunm8cg,34,20,,,,
798,rec_cp2acsfvvv266bunm8d0,39,20,,,,
799,rec_cp2acsfvvv266bunm8dg,41,20,,,,
800,rec_cp2acsfvvv266bunm8e0,53,20,,,,
801,rec_cp2acsfvvv266bunm8eg,58,20,,,,
802,rec_cp2acsj4f9p514bqbidg,55,48,,,,
803,rec_cp2acsj4f9p514bqbie0,57,48,,,,
804,rec_cp2acsj4f9p514bqbieg,58,48,,,,
805,rec_cp2acsj4f9p514bqbif0,61,48,,,,
806,rec_cp2acsj4f9p514bqbifg,62,48,,,,
807,rec_cp2acsj4f9p514bqbig0,64,48,,,,
808,rec_cp2acsj4f9p514bqbigg,2,27,,,,
809,rec_cp2acsj4f9p514bqbih0,7,27,,,,
810,rec_cp2acsj4f9p514bqbihg,8,27,,,,
811,rec_cp2acsj4f9p514bqbii0,10,27,,,,
812,rec_cp2acsj4f9p514bqbiig,15,27,,,,
813,rec_cp2acsj4f9p514bqbij0,17,27,,,,
814,rec_cp2acsj4f9p514bqbijg,21,27,,,,
815,rec_cp2acsj4f9p514bqbik0,28,27,,,,
816,rec_cp2acsj4f9p514bqbikg,25,27,,,,
817,rec_cp2acsj4f9p514bqbil0,29,27,,,,
818,rec_cp2acsj4f9p514bqbilg,30,27,,,,
819,rec_cp2acsj4f9p514bqbim0,31,27,,,,
820,rec_cp2acsj4f9p514bqbimg,35,27,,,,
821,rec_cp2acsj4f9p514bqbin0,34,27,,,,
822,rec_cp2acsj4f9p514bqbing,39,27,,,,
823,rec_cp2acsj4f9p514bqbio0,37,27,,,,
824,rec_cp2acsj4f9p514bqbiog,41,27,,,,
825,rec_cp2acsj4f9p514bqbip0,45,27,,,,
826,rec_cp2acsj4f9p514bqbipg,44,27,,,,
827,rec_cp2acsj4f9p514bqbiq0,46,27,,,,
828,rec_cp2acsj4f9p514bqbiqg,48,27,,,,
829,rec_cp2acsj4f9p514bqbir0,52,27,,,,
830,rec_cp2acsj4f9p514bqbirg,53,27,,,,
831,rec_cp2acsj4f9p514bqbis0,57,27,,,,
832,rec_cp2acsj4f9p514bqbisg,61,27,,,,
833,rec_cp2acsj4f9p514bqbit0,58,27,,,,
834,rec_cp2acsn6gfslia6ut150,56,48,,,,
835,rec_cp2acsn6gfslia6ut15g,59,48,,,,
836,rec_cp2acsn6gfslia6ut160,63,48,,,,
837,rec_cp2acsn6gfslia6ut16g,1,27,,,,
838,rec_cp2acsn6gfslia6ut170,3,27,,,,
839,rec_cp2acsn6gfslia6ut17g,4,27,,,,
840,rec_cp2acsn6gfslia6ut180,9,27,,,,
841,rec_cp2acsn6gfslia6ut190,13,27,,,,
842,rec_cp2acsn6gfslia6ut19g,18,27,,,,
843,rec_cp2acsn6gfslia6ut1a0,16,27,,,,
844,rec_cp2acsn6gfslia6ut1ag,14,27,,,,
845,rec_cp2acsn6gfslia6ut1b0,20,27,,,,
846,rec_cp2acsn6gfslia6ut1bg,24,27,,,,
847,rec_cp2acsn6gfslia6ut1c0,23,27,,,,
848,rec_cp2acsn6gfslia6ut1cg,32,27,,,,
849,rec_cp2acsn6gfslia6ut1d0,36,27,,,,
850,rec_cp2acsn6gfslia6ut1dg,40,27,,,,
851,rec_cp2acsn6gfslia6ut1e0,42,27,,,,
852,rec_cp2acsn6gfslia6ut1eg,43,27,,,,
853,rec_cp2acsn6gfslia6ut1f0,51,27,,,,
854,rec_cp2acsn6gfslia6ut1fg,49,27,,,,
855,rec_cp2acsn6gfslia6ut1g0,54,27,,,,
856,rec_cp2acsn6gfslia6ut1gg,55,27,,,,
857,rec_cp2acsn6gfslia6ut1h0,56,27,,,,
858,rec_cp2acsn6gfslia6ut1hg,59,27,,,,
859,rec_cp2acsn6gfslia6ut1i0,62,27,,,,
860,rec_cp2acsn6gfslia6ut1ig,64,27,,,,
861,rec_cp2acsn6gfslia6ut1j0,1,74,,,,
862,rec_cp2acsn6gfslia6ut1jg,2,74,,,,
863,rec_cp2acsn6gfslia6ut1k0,3,74,,,,
864,rec_cp2acsnvvv266bunm8f0,60,48,,,,
865,rec_cp2acsnvvv266bunm8fg,5,27,,,,
866,rec_cp2acsnvvv266bunm8g0,6,27,,,,
867,rec_cp2acsnvvv266bunm8h0,19,27,,,,
868,rec_cp2acsnvvv266bunm8hg,22,27,,,,
869,rec_cp2acsnvvv266bunm8i0,26,27,,,,
870,rec_cp2acsnvvv266bunm8ig,33,27,,,,
871,rec_cp2acsnvvv266bunm8j0,38,27,,,,
872,rec_cp2acsnvvv266bunm8jg,50,27,,,,
873,rec_cp2acsnvvv266bunm8k0,63,27,,,,
874,rec_cp2acsnvvv266bunm8kg,60,27,,,,
875,rec_cp2acsr4f9p514bqbitg,2,43,,,,
876,rec_cp2acsr4f9p514bqbiu0,5,43,,,,
877,rec_cp2acsr4f9p514bqbiug,6,43,,,,
878,rec_cp2acsr4f9p514bqbiv0,10,43,,,,
879,rec_cp2acsr4f9p514bqbivg,14,43,,,,
880,rec_cp2acsr4f9p514bqbj00,16,43,,,,
881,rec_cp2acsr4f9p514bqbj0g,24,43,,,,
882,rec_cp2acsr4f9p514bqbj10,25,43,,,,
883,rec_cp2acsr4f9p514bqbj1g,29,43,,,,
884,rec_cp2acsr4f9p514bqbj20,30,43,,,,
885,rec_cp2acsr4f9p514bqbj2g,31,43,,,,
886,rec_cp2acsr4f9p514bqbj30,32,43,,,,
887,rec_cp2acsr4f9p514bqbj3g,36,43,,,,
888,rec_cp2acsr4f9p514bqbj40,38,43,,,,
889,rec_cp2acsr4f9p514bqbj4g,39,43,,,,
890,rec_cp2acsr4f9p514bqbj50,43,43,,,,
891,rec_cp2acsr4f9p514bqbj5g,44,43,,,,
892,rec_cp2acsr4f9p514bqbj60,48,43,,,,
893,rec_cp2acsr4f9p514bqbj6g,47,43,,,,
894,rec_cp2acsr4f9p514bqbj70,53,43,,,,
895,rec_cp2acsr4f9p514bqbj7g,54,43,,,,
896,rec_cp2acsr4f9p514bqbj80,50,43,,,,
897,rec_cp2acsr4f9p514bqbj8g,55,43,,,,
898,rec_cp2acsr4f9p514bqbj90,57,43,,,,
899,rec_cp2acsr4f9p514bqbj9g,58,43,,,,
900,rec_cp2acsr4f9p514bqbja0,59,43,,,,
901,rec_cp2acsr4f9p514bqbjag,61,43,,,,
902,rec_cp2acsr4f9p514bqbjb0,62,43,,,,
903,rec_cp2acsr4f9p514bqbjbg,1,82,,,,
904,rec_cp2acsr4f9p514bqbjc0,2,82,,,,
905,rec_cp2acsr4f9p514bqbjcg,5,82,,,,
906,rec_cp2acsr4f9p514bqbjd0,6,82,,,,
907,rec_cp2acsr4f9p514bqbjdg,7,82,,,,
908,rec_cp2acsv6gfslia6ut1kg,1,43,,,,
909,rec_cp2acsv6gfslia6ut1l0,4,43,,,,
910,rec_cp2acsv6gfslia6ut1lg,7,43,,,,
911,rec_cp2acsv6gfslia6ut1m0,9,43,,,,
912,rec_cp2acsv6gfslia6ut1mg,11,43,,,,
913,rec_cp2acsv6gfslia6ut1n0,13,43,,,,
914,rec_cp2acsv6gfslia6ut1ng,17,43,,,,
915,rec_cp2acsv6gfslia6ut1o0,18,43,,,,
916,rec_cp2acsv6gfslia6ut1og,20,43,,,,
917,rec_cp2acsv6gfslia6ut1p0,22,43,,,,
918,rec_cp2acsv6gfslia6ut1pg,26,43,,,,
919,rec_cp2acsv6gfslia6ut1q0,28,43,,,,
920,rec_cp2acsv6gfslia6ut1qg,42,43,,,,
921,rec_cp2acsv6gfslia6ut1r0,41,43,,,,
922,rec_cp2acsv6gfslia6ut1rg,51,43,,,,
923,rec_cp2acsv6gfslia6ut1s0,52,43,,,,
924,rec_cp2acsv6gfslia6ut1sg,56,43,,,,
925,rec_cp2acsv6gfslia6ut1t0,60,43,,,,
926,rec_cp2acsv6gfslia6ut1tg,64,43,,,,
927,rec_cp2acsv6gfslia6ut1ug,9,82,,,,
928,rec_cp2acsvvvv266bunm8l0,64,74,,,,
929,rec_cp2acsvvvv266bunm8lg,3,43,,,,
930,rec_cp2acsvvvv266bunm8m0,8,43,,,,
931,rec_cp2acsvvvv266bunm8n0,15,43,,,,
932,rec_cp2acsvvvv266bunm8ng,19,43,,,,
933,rec_cp2acsvvvv266bunm8o0,21,43,,,,
934,rec_cp2acsvvvv266bunm8og,23,43,,,,
935,rec_cp2acsvvvv266bunm8p0,27,43,,,,
936,rec_cp2acsvvvv266bunm8pg,35,43,,,,
937,rec_cp2acsvvvv266bunm8q0,37,43,,,,
938,rec_cp2acsvvvv266bunm8qg,40,43,,,,
939,rec_cp2acsvvvv266bunm8r0,45,43,,,,
940,rec_cp2acsvvvv266bunm8rg,46,43,,,,
941,rec_cp2acsvvvv266bunm8s0,49,43,,,,
942,rec_cp2acsvvvv266bunm8sg,63,43,,,,
943,rec_cp2acsvvvv266bunm8t0,3,82,,,,
944,rec_cp2acsvvvv266bunm8tg,4,82,,,,
945,rec_cp2acsvvvv266bunm8u0,8,82,,,,
946,rec_cp2act34f9p514bqbjf0,3,66,,,,
947,rec_cp2act34f9p514bqbjfg,7,66,,,,
948,rec_cp2act34f9p514bqbjg0,8,66,,,,
949,rec_cp2act34f9p514bqbjh0,15,66,,,,
950,rec_cp2act34f9p514bqbjhg,14,66,,,,
951,rec_cp2act34f9p514bqbji0,16,66,,,,
952,rec_cp2act34f9p514bqbjig,17,66,,,,
953,rec_cp2act34f9p514bqbjj0,19,66,,,,
954,rec_cp2act34f9p514bqbjjg,21,66,,,,
955,rec_cp2act34f9p514bqbjk0,25,66,,,,
956,rec_cp2act34f9p514bqbjkg,28,66,,,,
957,rec_cp2act34f9p514bqbjl0,29,66,,,,
958,rec_cp2act34f9p514bqbjlg,30,66,,,,
959,rec_cp2act34f9p514bqbjm0,33,66,,,,
960,rec_cp2act34f9p514bqbjmg,35,66,,,,
961,rec_cp2act34f9p514bqbjn0,40,66,,,,
962,rec_cp2act34f9p514bqbjng,44,66,,,,
963,rec_cp2act34f9p514bqbjo0,45,66,,,,
964,rec_cp2act34f9p514bqbjog,47,66,,,,
965,rec_cp2act34f9p514bqbjp0,48,66,,,,
966,rec_cp2act34f9p514bqbjpg,51,66,,,,
967,rec_cp2act34f9p514bqbjq0,54,66,,,,
968,rec_cp2act34f9p514bqbjqg,55,66,,,,
969,rec_cp2act34f9p514bqbjr0,56,66,,,,
970,rec_cp2act34f9p514bqbjrg,58,66,,,,
971,rec_cp2act34f9p514bqbjs0,61,66,,,,
972,rec_cp2act34f9p514bqbjsg,62,66,,,,
973,rec_cp2act34f9p514bqbjt0,63,66,,,,
974,rec_cp2act34f9p514bqbjtg,2,4,,,,
975,rec_cp2act34f9p514bqbju0,3,4,,,,
976,rec_cp2act34f9p514bqbjug,6,4,,,,
977,rec_cp2act34f9p514bqbjv0,9,4,,,,
978,rec_cp2act34f9p514bqbjvg,7,4,,,,
979,rec_cp2act34f9p514bqbk00,8,4,,,,
980,rec_cp2act34f9p514bqbk0g,14,4,,,,
981,rec_cp2act34f9p514bqbk10,16,4,,,,
982,rec_cp2act34f9p514bqbk1g,18,4,,,,
983,rec_cp2act76gfslia6ut200,13,66,,,,
984,rec_cp2act76gfslia6ut20g,20,66,,,,
985,rec_cp2act76gfslia6ut210,22,66,,,,
986,rec_cp2act76gfslia6ut21g,23,66,,,,
987,rec_cp2act76gfslia6ut220,26,66,,,,
988,rec_cp2act76gfslia6ut22g,31,66,,,,
989,rec_cp2act76gfslia6ut230,34,66,,,,
990,rec_cp2act76gfslia6ut23g,37,66,,,,
991,rec_cp2act76gfslia6ut240,39,66,,,,
992,rec_cp2act76gfslia6ut24g,41,66,,,,
993,rec_cp2act76gfslia6ut250,42,66,,,,
994,rec_cp2act76gfslia6ut25g,46,66,,,,
995,rec_cp2act76gfslia6ut260,50,66,,,,
996,rec_cp2act76gfslia6ut26g,53,66,,,,
997,rec_cp2act76gfslia6ut270,57,66,,,,
998,rec_cp2act76gfslia6ut27g,60,66,,,,
999,rec_cp2act76gfslia6ut280,64,66,,,,
1000,rec_cp2act76gfslia6ut290,4,4,,,,
1001,rec_cp2act76gfslia6ut29g,13,4,,,,
1002,rec_cp2act76gfslia6ut2a0,11,4,,,,
1003,rec_cp2act76gfslia6ut2b0,10,4,,,,
1004,rec_cp2act76gfslia6ut2bg,15,4,,,,
1005,rec_cp2act76gfslia6ut2c0,17,4,,,,
1006,rec_cp2act7vvv266bunm8ug,9,66,,,,
1007,rec_cp2act7vvv266bunm8v0,18,66,,,,
1008,rec_cp2act7vvv266bunm8vg,24,66,,,,
1009,rec_cp2act7vvv266bunm900,27,66,,,,
1010,rec_cp2act7vvv266bunm90g,32,66,,,,
1011,rec_cp2act7vvv266bunm910,36,66,,,,
1012,rec_cp2act7vvv266bunm91g,38,66,,,,
1013,rec_cp2act7vvv266bunm920,43,66,,,,
1014,rec_cp2act7vvv266bunm92g,49,66,,,,
1015,rec_cp2act7vvv266bunm930,52,66,,,,
1016,rec_cp2actb4f9p514bqbk2g,8,35,,,,
1017,rec_cp2actb4f9p514bqbk30,13,35,,,,
1018,rec_cp2actb4f9p514bqbk40,14,35,,,,
1019,rec_cp2actb4f9p514bqbk4g,15,35,,,,
1020,rec_cp2actb4f9p514bqbk50,17,35,,,,
1021,rec_cp2actb4f9p514bqbk5g,18,35,,,,
1022,rec_cp2actb4f9p514bqbk60,21,35,,,,
1023,rec_cp2actb4f9p514bqbk6g,20,35,,,,
1024,rec_cp2actb4f9p514bqbk70,22,35,,,,
1025,rec_cp2actb4f9p514bqbk7g,27,35,,,,
1026,rec_cp2actb4f9p514bqbk80,29,35,,,,
1027,rec_cp2actb4f9p514bqbk8g,30,35,,,,
1028,rec_cp2actb4f9p514bqbk90,34,35,,,,
1029,rec_cp2actb4f9p514bqbk9g,31,35,,,,
1030,rec_cp2actb4f9p514bqbka0,37,35,,,,
1031,rec_cp2actb4f9p514bqbkag,40,35,,,,
1032,rec_cp2actb4f9p514bqbkb0,41,35,,,,
1033,rec_cp2actb4f9p514bqbkbg,39,35,,,,
1034,rec_cp2actb4f9p514bqbkc0,43,35,,,,
1035,rec_cp2actb4f9p514bqbkcg,42,35,,,,
1036,rec_cp2actb4f9p514bqbkd0,44,35,,,,
1037,rec_cp2actb4f9p514bqbkdg,50,35,,,,
1038,rec_cp2actb4f9p514bqbke0,49,35,,,,
1039,rec_cp2actb4f9p514bqbkeg,54,35,,,,
1040,rec_cp2actb4f9p514bqbkf0,57,35,,,,
1041,rec_cp2actb4f9p514bqbkfg,52,35,,,,
1042,rec_cp2actb4f9p514bqbkg0,59,35,,,,
1043,rec_cp2actb4f9p514bqbkgg,60,35,,,,
1044,rec_cp2actb4f9p514bqbkh0,61,35,,,,
1045,rec_cp2actb4f9p514bqbkhg,63,35,,,,
1046,rec_cp2actb4f9p514bqbki0,62,35,,,,
1047,rec_cp2actb4f9p514bqbkj0,2,77,,,,
1048,rec_cp2actb4f9p514bqbkjg,5,77,,,,
1049,rec_cp2actb4f9p514bqbkk0,7,77,,,,
1050,rec_cp2actb4f9p514bqbkl0,8,77,,,,
1051,rec_cp2actb4f9p514bqbklg,11,77,,,,
1052,rec_cp2actb4f9p514bqbkm0,13,77,,,,
1053,rec_cp2actb4f9p514bqbkmg,16,77,,,,
1054,rec_cp2actb4f9p514bqbkn0,17,77,,,,
1055,rec_cp2actb4f9p514bqbkng,18,77,,,,
1056,rec_cp2actf6gfslia6ut2cg,10,35,,,,
1057,rec_cp2actf6gfslia6ut2d0,6,35,,,,
1058,rec_cp2actf6gfslia6ut2dg,9,35,,,,
1059,rec_cp2actf6gfslia6ut2e0,16,35,,,,
1060,rec_cp2actf6gfslia6ut2eg,19,35,,,,
1061,rec_cp2actf6gfslia6ut2f0,24,35,,,,
1062,rec_cp2actf6gfslia6ut2fg,25,35,,,,
1063,rec_cp2actf6gfslia6ut2g0,26,35,,,,
1064,rec_cp2actf6gfslia6ut2gg,28,35,,,,
1065,rec_cp2actf6gfslia6ut2h0,33,35,,,,
1066,rec_cp2actf6gfslia6ut2hg,35,35,,,,
1067,rec_cp2actf6gfslia6ut2i0,45,35,,,,
1068,rec_cp2actf6gfslia6ut2ig,48,35,,,,
1069,rec_cp2actf6gfslia6ut2j0,53,35,,,,
1070,rec_cp2actf6gfslia6ut2jg,56,35,,,,
1071,rec_cp2actf6gfslia6ut2k0,58,35,,,,
1072,rec_cp2actf6gfslia6ut2kg,3,77,,,,
1073,rec_cp2actf6gfslia6ut2l0,64,35,,,,
1074,rec_cp2actf6gfslia6ut2lg,4,77,,,,
1075,rec_cp2actf6gfslia6ut2m0,6,77,,,,
1076,rec_cp2actf6gfslia6ut2n0,14,77,,,,
1077,rec_cp2actf6gfslia6ut2ng,15,77,,,,
1078,rec_cp2actfvvv266bunm93g,23,35,,,,
1079,rec_cp2actfvvv266bunm940,32,35,,,,
1080,rec_cp2actfvvv266bunm94g,36,35,,,,
1081,rec_cp2actfvvv266bunm950,38,35,,,,
1082,rec_cp2actfvvv266bunm95g,46,35,,,,
1083,rec_cp2actfvvv266bunm960,51,35,,,,
1084,rec_cp2actfvvv266bunm96g,55,35,,,,
1085,rec_cp2actfvvv266bunm970,9,77,,,,
1086,rec_crfohn3sejr8r2rhop5g,83,101,,,,
1087,rec_crfoie97led4pu5tnq9g,83,91,,,,
1088,rec_crfoikh7led4pu5tnqa0,83,27,,,,