id,xata_id,topic_id,testimony_id,created_at,updated_at,version,api_data
1,rec_cocs13t23jsre5gha9j0,1,67,,,,
2,rec_cocs13t23jsre5gha9jg,1,68,,,,
3,rec_cocs13t23jsre5gha9k0,1,69,,,,
4,rec_cocs13t23jsre5gha9kg,1,70,,,,
5,rec_cocs13t23jsre5gha9l0,1,71,,,,
6,rec_cocs13t23jsre5gha9lg,1,72,,,,
7,rec_cocs13t23jsre5gha9m0,1,73,,,,
8,rec_cocs13t23jsre5gha9mg,1,74,,,,
9,rec_cocs13t23jsre5gha9n0,1,75,,,,
10,rec_cocs13t23jsre5gha9ng,1,76,,,,
11,rec_cocs13t23jsre5gha9o0,1,77,,,,
12,rec_cocs13t23jsre5gha9og,1,78,,,,
13,rec_cocs13t23jsre5gha9p0,2,67,,,,
14,rec_cocs13t23jsre5gha9pg,2,68,,,,
15,rec_cocs13t23jsre5gha9q0,2,69,,,,
16,rec_cocs13t23jsre5gha9qg,2,70,,,,
17,rec_cocs13t23jsre5gha9r0,2,71,,,,
18,rec_cocs13t23jsre5gha9rg,2,72,,,,
19,rec_cocs13t23jsre5gha9s0,2,73,,,,
20,rec_cocs13t23jsre5gha9sg,2,74,,,,
21,rec_cocs13t23jsre5gha9t0,2,75,,,,
22,rec_cocs13t23jsre5gha9tg,2,76,,,,
23,rec_cocs13t23jsre5gha9u0,2,77,,,,
24,rec_cocs13t23jsre5gha9ug,2,78,,,,
25,rec_cocs13t23jsre5gha9v0,3,67,,,,
26,rec_cocs13t23jsre5gha9vg,3,68,,,,
27,rec_cocs13t23jsre5ghaa00,3,69,,,,
28,rec_cocs13t23jsre5ghaa0g,3,70,,,,
29,rec_cocs13t23jsre5ghaa10,3,71,,,,
30,rec_cocs13t23jsre5ghaa1g,3,72,,,,
31,rec_cocs13t23jsre5ghaa20,3,73,,,,
32,rec_cocs13t23jsre5ghaa2g,3,74,,,,
33,rec_cocs13t23jsre5ghaa30,3,75,,,,
34,rec_cocs13t23jsre5ghaa3g,3,76,,,,
35,rec_cocs13t23jsre5ghaa40,3,77,,,,
36,rec_cocs13t23jsre5ghaa4g,3,78,,,,
37,rec_cocs13t23jsre5ghaa50,53,67,,,,
38,rec_cocs13t23jsre5ghaa5g,53,68,,,,
39,rec_cocs13t23jsre5ghaa60,53,69,,,,
40,rec_cocs13t23jsre5ghaa6g,53,70,,,,
41,rec_cocs13t23jsre5ghaa70,53,71,,,,
42,rec_cocs13t23jsre5ghaa7g,53,72,,,,
43,rec_cocs13t23jsre5ghaa80,53,73,,,,
44,rec_cocs13t23jsre5ghaa8g,53,74,,,,
45,rec_cocs13t23jsre5ghaa90,53,75,,,,
46,rec_cocs13t23jsre5ghaa9g,53,76,,,,
47,rec_cocs13t23jsre5ghaaa0,53,77,,,,
48,rec_cocs13t23jsre5ghaaag,53,78,,,,
49,rec_cocs13t23jsre5ghaab0,4,67,,,,
50,rec_cocs13t23jsre5ghaabg,4,68,,,,
51,rec_cocs13t23jsre5ghaac0,4,69,,,,
52,rec_cocs13t23jsre5ghaacg,4,70,,,,
53,rec_cocs13t23jsre5ghaad0,4,71,,,,
54,rec_cocs13t23jsre5ghaadg,4,72,,,,
55,rec_cocs13t23jsre5ghaae0,4,73,,,,
56,rec_cocs13t23jsre5ghaaeg,4,74,,,,
57,rec_cocs13t23jsre5ghaaf0,4,75,,,,
58,rec_cocs13t23jsre5ghaafg,4,76,,,,
59,rec_cocs13t23jsre5ghaag0,4,77,,,,
60,rec_cocs13t23jsre5ghaagg,4,78,,,,
61,rec_cocs13t23jsre5ghaah0,5,67,,,,
62,rec_cocs13t23jsre5ghaahg,5,68,,,,
63,rec_cocs13t23jsre5ghaai0,5,69,,,,
64,rec_cocs13t23jsre5ghaaig,5,70,,,,
65,rec_cocs13t23jsre5ghaaj0,5,71,,,,
66,rec_cocs13t23jsre5ghaajg,5,72,,,,
67,rec_cocs13t23jsre5ghaak0,5,73,,,,
68,rec_cocs13t23jsre5ghaakg,5,74,,,,
69,rec_cocs13t23jsre5ghaal0,5,75,,,,
70,rec_cocs13t23jsre5ghaalg,5,76,,,,
71,rec_cocs13t23jsre5ghaam0,5,77,,,,
72,rec_cocs13t23jsre5ghaamg,5,78,,,,
73,rec_cocs13t23jsre5ghaan0,6,67,,,,
74,rec_cocs13t23jsre5ghaang,6,68,,,,
75,rec_cocs13t23jsre5ghaao0,6,69,,,,
76,rec_cocs13t23jsre5ghaaog,6,70,,,,
77,rec_cocs13t23jsre5ghaap0,6,71,,,,
78,rec_cocs13t23jsre5ghaapg,6,72,,,,
79,rec_cocs13t23jsre5ghaaq0,6,73,,,,
80,rec_cocs13t23jsre5ghaaqg,6,74,,,,
81,rec_cocs13t23jsre5ghaar0,6,75,,,,
82,rec_cocs13t23jsre5ghaarg,6,76,,,,
83,rec_cocs13t23jsre5ghaas0,6,77,,,,
84,rec_cocs13t23jsre5ghaasg,6,78,,,,
85,rec_cocs13t23jsre5ghaat0,7,67,,,,
86,rec_cocs13t23jsre5ghaatg,7,68,,,,
87,rec_cocs13t23jsre5ghaau0,7,69,,,,
88,rec_cocs13t23jsre5ghaaug,7,70,,,,
89,rec_cocs13t23jsre5ghaav0,7,71,,,,
90,rec_cocs13t23jsre5ghaavg,7,72,,,,
91,rec_cocs13t23jsre5ghab00,7,73,,,,
92,rec_cocs13t23jsre5ghab0g,7,74,,,,
93,rec_cocs13t23jsre5ghab10,7,75,,,,
94,rec_cocs13t23jsre5ghab1g,7,76,,,,
95,rec_cocs13t23jsre5ghab20,7,77,,,,
96,rec_cocs13t23jsre5ghab2g,7,78,,,,
97,rec_cocs13t23jsre5ghab30,8,67,,,,
98,rec_cocs13t23jsre5ghab3g,8,68,,,,
99,rec_cocs13t23jsre5ghab40,8,69,,,,
100,rec_cocs13t23jsre5ghab4g,8,70,,,,
101,rec_cocs13t23jsre5ghab50,8,71,,,,
102,rec_cocs13t23jsre5ghab5g,8,72,,,,
103,rec_cocs13t23jsre5ghab60,8,73,,,,
104,rec_cocs13t23jsre5ghab6g,8,74,,,,
105,rec_cocs13t23jsre5ghab70,8,75,,,,
106,rec_cocs13t23jsre5ghab7g,8,76,,,,
107,rec_cocs13t23jsre5ghab80,8,77,,,,
108,rec_cocs13t23jsre5ghab8g,8,78,,,,
109,rec_cocs13t23jsre5ghab90,9,67,,,,
110,rec_cocs13t23jsre5ghab9g,9,68,,,,
111,rec_cocs13t23jsre5ghaba0,9,69,,,,
112,rec_cocs13t23jsre5ghabag,9,70,,,,
113,rec_cocs13t23jsre5ghabb0,9,71,,,,
114,rec_cocs13t23jsre5ghabbg,9,72,,,,
115,rec_cocs13t23jsre5ghabc0,9,73,,,,
116,rec_cocs13t23jsre5ghabcg,9,74,,,,
117,rec_cocs13t23jsre5ghabd0,9,75,,,,
118,rec_cocs13t23jsre5ghabdg,9,76,,,,
119,rec_cocs13t23jsre5ghabe0,9,77,,,,
120,rec_cocs13t23jsre5ghabeg,9,78,,,,
121,rec_cocs13t23jsre5ghabf0,10,67,,,,
122,rec_cocs13t23jsre5ghabfg,10,68,,,,
123,rec_cocs13t23jsre5ghabg0,10,69,,,,
124,rec_cocs13t23jsre5ghabgg,10,70,,,,
125,rec_cocs13t23jsre5ghabh0,10,71,,,,
126,rec_cocs13t23jsre5ghabhg,10,72,,,,
127,rec_cocs13t23jsre5ghabi0,10,73,,,,
128,rec_cocs13t23jsre5ghabig,10,74,,,,
129,rec_cocs13t23jsre5ghabj0,10,75,,,,
130,rec_cocs13t23jsre5ghabjg,10,76,,,,
131,rec_cocs13t23jsre5ghabk0,10,77,,,,
132,rec_cocs13t23jsre5ghabkg,10,78,,,,
133,rec_cocs13t23jsre5ghabl0,61,67,,,,
134,rec_cocs13t23jsre5ghablg,61,68,,,,
135,rec_cocs13t23jsre5ghabm0,61,69,,,,
136,rec_cocs13t23jsre5ghabmg,61,70,,,,
137,rec_cocs13t23jsre5ghabn0,61,71,,,,
138,rec_cocs13t23jsre5ghabng,61,72,,,,
139,rec_cocs13t23jsre5ghabo0,61,73,,,,
140,rec_cocs13t23jsre5ghabog,61,74,,,,
141,rec_cocs13t23jsre5ghabp0,61,75,,,,
142,rec_cocs13t23jsre5ghabpg,61,76,,,,
143,rec_cocs13t23jsre5ghabq0,61,77,,,,
144,rec_cocs13t23jsre5ghabqg,61,78,,,,
145,rec_cocs13t23jsre5ghabr0,51,67,,,,
146,rec_cocs13t23jsre5ghabrg,51,68,,,,
147,rec_cocs13t23jsre5ghabs0,51,69,,,,
148,rec_cocs13t23jsre5ghabsg,51,70,,,,
149,rec_cocs13t23jsre5ghabt0,51,71,,,,
150,rec_cocs13t23jsre5ghabtg,51,72,,,,
151,rec_cocs13t23jsre5ghabu0,51,73,,,,
152,rec_cocs13t23jsre5ghabug,51,74,,,,
153,rec_cocs13t23jsre5ghabv0,51,75,,,,
154,rec_cocs13t23jsre5ghabvg,51,76,,,,
155,rec_cocs13t23jsre5ghac00,51,77,,,,
156,rec_cocs13t23jsre5ghac0g,51,78,,,,
157,rec_cocs13t23jsre5ghac10,11,67,,,,
158,rec_cocs13t23jsre5ghac1g,11,68,,,,
159,rec_cocs13t23jsre5ghac20,11,69,,,,
160,rec_cocs13t23jsre5ghac2g,11,70,,,,
161,rec_cocs13t23jsre5ghac30,11,71,,,,
162,rec_cocs13t23jsre5ghac3g,11,72,,,,
163,rec_cocs13t23jsre5ghac40,11,73,,,,
164,rec_cocs13t23jsre5ghac4g,11,74,,,,
165,rec_cocs13t23jsre5ghac50,11,75,,,,
166,rec_cocs13t23jsre5ghac5g,11,76,,,,
167,rec_cocs13t23jsre5ghac60,11,77,,,,
168,rec_cocs13t23jsre5ghac6g,11,78,,,,
169,rec_cocs13t23jsre5ghac70,12,67,,,,
170,rec_cocs13t23jsre5ghac7g,12,68,,,,
171,rec_cocs13t23jsre5ghac80,12,69,,,,
172,rec_cocs13t23jsre5ghac8g,12,70,,,,
173,rec_cocs13t23jsre5ghac90,12,71,,,,
174,rec_cocs13t23jsre5ghac9g,12,72,,,,
175,rec_cocs13t23jsre5ghaca0,12,73,,,,
176,rec_cocs13t23jsre5ghacag,12,74,,,,
177,rec_cocs13t23jsre5ghacb0,12,75,,,,
178,rec_cocs13t23jsre5ghacbg,12,76,,,,
179,rec_cocs13t23jsre5ghacc0,12,77,,,,
180,rec_cocs13t23jsre5ghaccg,12,78,,,,
181,rec_cocs13t23jsre5ghacd0,60,67,,,,
182,rec_cocs13t23jsre5ghacdg,60,68,,,,
183,rec_cocs13t23jsre5ghace0,60,69,,,,
184,rec_cocs13t23jsre5ghaceg,60,70,,,,
185,rec_cocs13t23jsre5ghacf0,60,71,,,,
186,rec_cocs13t23jsre5ghacfg,60,72,,,,
187,rec_cocs13t23jsre5ghacg0,60,73,,,,
188,rec_cocs13t23jsre5ghacgg,60,74,,,,
189,rec_cocs13t23jsre5ghach0,60,75,,,,
190,rec_cocs13t23jsre5ghachg,60,76,,,,
191,rec_cocs13t23jsre5ghaci0,60,77,,,,
192,rec_cocs13t23jsre5ghacig,60,78,,,,
193,rec_cocs13t23jsre5ghacj0,55,67,,,,
194,rec_cocs13t23jsre5ghacjg,55,68,,,,
195,rec_cocs13t23jsre5ghack0,55,69,,,,
196,rec_cocs13t23jsre5ghackg,55,70,,,,
197,rec_cocs13t23jsre5ghacl0,55,71,,,,
198,rec_cocs13t23jsre5ghaclg,55,72,,,,
199,rec_cocs13t23jsre5ghacm0,55,73,,,,
200,rec_cocs13t23jsre5ghacmg,55,74,,,,
201,rec_cocs13t23jsre5ghacn0,55,75,,,,
202,rec_cocs13t23jsre5ghacng,55,76,,,,
203,rec_cocs13t23jsre5ghaco0,55,77,,,,
204,rec_cocs13t23jsre5ghacog,55,78,,,,
205,rec_cocs13t23jsre5ghacp0,58,67,,,,
206,rec_cocs13t23jsre5ghacpg,58,68,,,,
207,rec_cocs13t23jsre5ghacq0,58,69,,,,
208,rec_cocs13t23jsre5ghacqg,58,70,,,,
209,rec_cocs13t23jsre5ghacr0,58,71,,,,
210,rec_cocs13t23jsre5ghacrg,58,72,,,,
211,rec_cocs13t23jsre5ghacs0,58,73,,,,
212,rec_cocs13t23jsre5ghacsg,58,74,,,,
213,rec_cocs13t23jsre5ghact0,58,75,,,,
214,rec_cocs13t23jsre5ghactg,58,76,,,,
215,rec_cocs13t23jsre5ghacu0,58,77,,,,
216,rec_cocs13t23jsre5ghacug,58,78,,,,
217,rec_cocs13t23jsre5ghacv0,13,67,,,,
218,rec_cocs13t23jsre5ghacvg,13,68,,,,
219,rec_cocs13t23jsre5ghad00,13,69,,,,
220,rec_cocs13t23jsre5ghad0g,13,70,,,,
221,rec_cocs13t23jsre5ghad10,13,71,,,,
222,rec_cocs13t23jsre5ghad1g,13,72,,,,
223,rec_cocs13t23jsre5ghad20,13,73,,,,
224,rec_cocs13t23jsre5ghad2g,13,74,,,,
225,rec_cocs13t23jsre5ghad30,13,75,,,,
226,rec_cocs13t23jsre5ghad3g,13,76,,,,
227,rec_cocs13t23jsre5ghad40,13,77,,,,
228,rec_cocs13t23jsre5ghad4g,13,78,,,,
229,rec_cocs13t23jsre5ghad50,52,67,,,,
230,rec_cocs13t23jsre5ghad5g,52,68,,,,
231,rec_cocs13t23jsre5ghad60,52,69,,,,
232,rec_cocs13t23jsre5ghad6g,52,70,,,,
233,rec_cocs13t23jsre5ghad70,52,71,,,,
234,rec_cocs13t23jsre5ghad7g,52,72,,,,
235,rec_cocs13t23jsre5ghad80,52,73,,,,
236,rec_cocs13t23jsre5ghad8g,52,74,,,,
237,rec_cocs13t23jsre5ghad90,52,75,,,,
238,rec_cocs13t23jsre5ghad9g,52,76,,,,
239,rec_cocs13t23jsre5ghada0,52,77,,,,
240,rec_cocs13t23jsre5ghadag,52,78,,,,
241,rec_cocs13t23jsre5ghadb0,59,67,,,,
242,rec_cocs13t23jsre5ghadbg,59,68,,,,
243,rec_cocs13t23jsre5ghadc0,59,69,,,,
244,rec_cocs13t23jsre5ghadcg,59,70,,,,
245,rec_cocs13t23jsre5ghadd0,59,71,,,,
246,rec_cocs13t23jsre5ghaddg,59,72,,,,
247,rec_cocs13t23jsre5ghade0,59,73,,,,
248,rec_cocs13t23jsre5ghadeg,59,74,,,,
249,rec_cocs13t23jsre5ghadf0,59,75,,,,
250,rec_cocs13t23jsre5ghadfg,59,76,,,,
251,rec_cocs13t23jsre5ghadg0,59,77,,,,
252,rec_cocs13t23jsre5ghadgg,59,78,,,,
253,rec_cocs13t23jsre5ghadh0,14,67,,,,
254,rec_cocs13t23jsre5ghadhg,14,68,,,,
255,rec_cocs13t23jsre5ghadi0,14,69,,,,
256,rec_cocs13t23jsre5ghadig,14,70,,,,
257,rec_cocs13t23jsre5ghadj0,14,71,,,,
258,rec_cocs13t23jsre5ghadjg,14,72,,,,
259,rec_cocs13t23jsre5ghadk0,14,73,,,,
260,rec_cocs13t23jsre5ghadkg,14,74,,,,
261,rec_cocs13t23jsre5ghadl0,14,75,,,,
262,rec_cocs13t23jsre5ghadlg,14,76,,,,
263,rec_cocs13t23jsre5ghadm0,14,77,,,,
264,rec_cocs13t23jsre5ghadmg,14,78,,,,
265,rec_cocs13t23jsre5ghadn0,15,67,,,,
266,rec_cocs13t23jsre5ghadng,15,68,,,,
267,rec_cocs13t23jsre5ghado0,15,69,,,,
268,rec_cocs13t23jsre5ghadog,15,70,,,,
269,rec_cocs13t23jsre5ghadp0,15,71,,,,
270,rec_cocs13t23jsre5ghadpg,15,72,,,,
271,rec_cocs13t23jsre5ghadq0,15,73,,,,
272,rec_cocs13t23jsre5ghadqg,15,74,,,,
273,rec_cocs13t23jsre5ghadr0,15,75,,,,
274,rec_cocs14523jsre5ghadrg,15,76,,,,
275,rec_cocs14523jsre5ghads0,15,77,,,,
276,rec_cocs14523jsre5ghadsg,15,78,,,,
277,rec_cocs14523jsre5ghadt0,16,67,,,,
278,rec_cocs14523jsre5ghadtg,16,68,,,,
279,rec_cocs14523jsre5ghadu0,16,69,,,,
280,rec_cocs14523jsre5ghadug,16,70,,,,
281,rec_cocs14523jsre5ghadv0,16,71,,,,
282,rec_cocs14523jsre5ghadvg,16,72,,,,
283,rec_cocs14523jsre5ghae00,16,73,,,,
284,rec_cocs14523jsre5ghae0g,16,74,,,,
285,rec_cocs14523jsre5ghae10,16,75,,,,
286,rec_cocs14523jsre5ghae1g,16,76,,,,
287,rec_cocs14523jsre5ghae20,16,77,,,,
288,rec_cocs14523jsre5ghae2g,16,78,,,,
289,rec_cocs14523jsre5ghae30,17,67,,,,
290,rec_cocs14523jsre5ghae3g,17,68,,,,
291,rec_cocs14523jsre5ghae40,17,69,,,,
292,rec_cocs14523jsre5ghae4g,17,70,,,,
293,rec_cocs14523jsre5ghae50,17,71,,,,
294,rec_cocs14523jsre5ghae5g,17,72,,,,
295,rec_cocs14523jsre5ghae60,17,73,,,,
296,rec_cocs14523jsre5ghae6g,17,74,,,,
297,rec_cocs14523jsre5ghae70,17,75,,,,
298,rec_cocs14523jsre5ghae7g,17,76,,,,
299,rec_cocs14523jsre5ghae80,17,77,,,,
300,rec_cocs14523jsre5ghae8g,17,78,,,,
301,rec_cocs14523jsre5ghae90,50,67,,,,
302,rec_cocs14523jsre5ghae9g,50,68,,,,
303,rec_cocs14523jsre5ghaea0,50,69,,,,
304,rec_cocs14523jsre5ghaeag,50,70,,,,
305,rec_cocs14523jsre5ghaeb0,50,71,,,,
306,rec_cocs14523jsre5ghaebg,50,72,,,,
307,rec_cocs14523jsre5ghaec0,50,73,,,,
308,rec_cocs14523jsre5ghaecg,50,74,,,,
309,rec_cocs14523jsre5ghaed0,50,75,,,,
310,rec_cocs14523jsre5ghaedg,50,76,,,,
311,rec_cocs14523jsre5ghaee0,50,77,,,,
312,rec_cocs14523jsre5ghaeeg,50,78,,,,
313,rec_cocs14523jsre5ghaef0,18,67,,,,
314,rec_cocs14523jsre5ghaefg,18,68,,,,
315,rec_cocs14523jsre5ghaeg0,18,69,,,,
316,rec_cocs14523jsre5ghaegg,18,70,,,,
317,rec_cocs14523jsre5ghaeh0,18,71,,,,
318,rec_cocs14523jsre5ghaehg,18,72,,,,
319,rec_cocs14523jsre5ghaei0,18,73,,,,
320,rec_cocs14523jsre5ghaeig,18,74,,,,
321,rec_cocs14523jsre5ghaej0,18,75,,,,
322,rec_cocs14523jsre5ghaejg,18,76,,,,
323,rec_cocs14523jsre5ghaek0,18,77,,,,
324,rec_cocs14523jsre5ghaekg,18,78,,,,
325,rec_cocs14523jsre5ghael0,54,67,,,,
326,rec_cocs14523jsre5ghaelg,54,68,,,,
327,rec_cocs14523jsre5ghaem0,54,69,,,,
328,rec_cocs14523jsre5ghaemg,54,70,,,,
329,rec_cocs14523jsre5ghaen0,54,71,,,,
330,rec_cocs14523jsre5ghaeng,54,72,,,,
331,rec_cocs14523jsre5ghaeo0,54,73,,,,
332,rec_cocs14523jsre5ghaeog,54,74,,,,
333,rec_cocs14523jsre5ghaep0,54,75,,,,
334,rec_cocs14523jsre5ghaepg,54,76,,,,
335,rec_cocs14523jsre5ghaeq0,54,77,,,,
336,rec_cocs14523jsre5ghaeqg,54,78,,,,
337,rec_cocs14523jsre5ghaer0,19,67,,,,
338,rec_cocs14523jsre5ghaerg,19,68,,,,
339,rec_cocs14523jsre5ghaes0,19,69,,,,
340,rec_cocs14523jsre5ghaesg,19,70,,,,
341,rec_cocs14523jsre5ghaet0,19,71,,,,
342,rec_cocs14523jsre5ghaetg,19,72,,,,
343,rec_cocs14523jsre5ghaeu0,19,73,,,,
344,rec_cocs14523jsre5ghaeug,19,74,,,,
345,rec_cocs14523jsre5ghaev0,19,75,,,,
346,rec_cocs14523jsre5ghaevg,19,76,,,,
347,rec_cocs14523jsre5ghaf00,19,77,,,,
348,rec_cocs14523jsre5ghaf0g,19,78,,,,
349,rec_cocs14523jsre5ghaf10,57,67,,,,
350,rec_cocs14523jsre5ghaf1g,57,68,,,,
351,rec_cocs14523jsre5ghaf20,57,69,,,,
352,rec_cocs14523jsre5ghaf2g,57,70,,,,
353,rec_cocs14523jsre5ghaf30,57,71,,,,
354,rec_cocs14523jsre5ghaf3g,57,72,,,,
355,rec_cocs14523jsre5ghaf40,57,73,,,,
356,rec_cocs14523jsre5ghaf4g,57,74,,,,
357,rec_cocs14523jsre5ghaf50,57,75,,,,
358,rec_cocs14523jsre5ghaf5g,57,76,,,,
359,rec_cocs14523jsre5ghaf60,57,77,,,,
360,rec_cocs14523jsre5ghaf6g,57,78,,,,
361,rec_cocs14523jsre5ghaf70,20,67,,,,
362,rec_cocs14523jsre5ghaf7g,20,68,,,,
363,rec_cocs14523jsre5ghaf80,20,69,,,,
364,rec_cocs14523jsre5ghaf8g,20,70,,,,
365,rec_cocs14523jsre5ghaf90,20,71,,,,
366,rec_cocs14523jsre5ghaf9g,20,72,,,,
367,rec_cocs14523jsre5ghafa0,20,73,,,,
368,rec_cocs14523jsre5ghafag,20,74,,,,
369,rec_cocs14523jsre5ghafb0,20,75,,,,
370,rec_cocs14523jsre5ghafbg,20,76,,,,
371,rec_cocs14523jsre5ghafc0,20,77,,,,
372,rec_cocs14523jsre5ghafcg,20,78,,,,
373,rec_cocs14523jsre5ghafd0,21,67,,,,
374,rec_cocs14523jsre5ghafdg,21,68,,,,
375,rec_cocs14523jsre5ghafe0,21,69,,,,
376,rec_cocs14523jsre5ghafeg,21,70,,,,
377,rec_cocs14523jsre5ghaff0,21,71,,,,
378,rec_cocs14523jsre5ghaffg,21,72,,,,
379,rec_cocs14523jsre5ghafg0,21,73,,,,
380,rec_cocs14523jsre5ghafgg,21,74,,,,
381,rec_cocs14523jsre5ghafh0,21,75,,,,
382,rec_cocs14523jsre5ghafhg,21,76,,,,
383,rec_cocs14523jsre5ghafi0,21,77,,,,
384,rec_cocs14523jsre5ghafig,21,78,,,,
385,rec_cocs14523jsre5ghafj0,22,67,,,,
386,rec_cocs14523jsre5ghafjg,22,68,,,,
387,rec_cocs14523jsre5ghafk0,22,69,,,,
388,rec_cocs14523jsre5ghafkg,22,70,,,,
389,rec_cocs14523jsre5ghafl0,22,71,,,,
390,rec_cocs14523jsre5ghaflg,22,72,,,,
391,rec_cocs14523jsre5ghafm0,22,73,,,,
392,rec_cocs14523jsre5ghafmg,22,74,,,,
393,rec_cocs14523jsre5ghafn0,22,75,,,,
394,rec_cocs14523jsre5ghafng,22,76,,,,
395,rec_cocs14523jsre5ghafo0,22,77,,,,
396,rec_cocs14523jsre5ghafog,22,78,,,,
397,rec_cocs14523jsre5ghafp0,23,67,,,,
398,rec_cocs14523jsre5ghafpg,23,68,,,,
399,rec_cocs14523jsre5ghafq0,23,69,,,,
400,rec_cocs14523jsre5ghafqg,23,70,,,,
401,rec_cocs14523jsre5ghafr0,23,71,,,,
402,rec_cocs14523jsre5ghafrg,23,72,,,,
403,rec_cocs14523jsre5ghafs0,23,73,,,,
404,rec_cocs14523jsre5ghafsg,23,74,,,,
405,rec_cocs14523jsre5ghaft0,23,75,,,,
406,rec_cocs14523jsre5ghaftg,23,76,,,,
407,rec_cocs14523jsre5ghafu0,23,77,,,,
408,rec_cocs14523jsre5ghafug,23,78,,,,
409,rec_cocs14523jsre5ghafv0,24,67,,,,
410,rec_cocs14523jsre5ghafvg,24,68,,,,
411,rec_cocs14523jsre5ghag00,24,69,,,,
412,rec_cocs14523jsre5ghag0g,24,70,,,,
413,rec_cocs14523jsre5ghag10,24,71,,,,
414,rec_cocs14523jsre5ghag1g,24,72,,,,
415,rec_cocs14523jsre5ghag20,24,73,,,,
416,rec_cocs14523jsre5ghag2g,24,74,,,,
417,rec_cocs14523jsre5ghag30,24,75,,,,
418,rec_cocs14523jsre5ghag3g,24,76,,,,
419,rec_cocs14523jsre5ghag40,24,77,,,,
420,rec_cocs14523jsre5ghag4g,24,78,,,,
421,rec_cocs14523jsre5ghag50,25,67,,,,
422,rec_cocs14523jsre5ghag5g,25,68,,,,
423,rec_cocs14523jsre5ghag60,25,69,,,,
424,rec_cocs14523jsre5ghag6g,25,70,,,,
425,rec_cocs14523jsre5ghag70,25,71,,,,
426,rec_cocs14523jsre5ghag7g,25,72,,,,
427,rec_cocs14523jsre5ghag80,25,73,,,,
428,rec_cocs14523jsre5ghag8g,25,74,,,,
429,rec_cocs14523jsre5ghag90,25,75,,,,
430,rec_cocs14523jsre5ghag9g,25,76,,,,
431,rec_cocs14523jsre5ghaga0,25,77,,,,
432,rec_cocs14523jsre5ghagag,25,78,,,,
433,rec_cocs14523jsre5ghagb0,26,67,,,,
434,rec_cocs14523jsre5ghagbg,26,68,,,,
435,rec_cocs14523jsre5ghagc0,26,69,,,,
436,rec_cocs14523jsre5ghagcg,26,70,,,,
437,rec_cocs14523jsre5ghagd0,26,71,,,,
438,rec_cocs14523jsre5ghagdg,26,72,,,,
439,rec_cocs14523jsre5ghage0,26,73,,,,
440,rec_cocs14523jsre5ghageg,26,74,,,,
441,rec_cocs14523jsre5ghagf0,26,75,,,,
442,rec_cocs14523jsre5ghagfg,26,76,,,,
443,rec_cocs14523jsre5ghagg0,26,77,,,,
444,rec_cocs14523jsre5ghaggg,26,78,,,,
445,rec_cocs14523jsre5ghagh0,27,67,,,,
446,rec_cocs14523jsre5ghaghg,27,68,,,,
447,rec_cocs14523jsre5ghagi0,27,69,,,,
448,rec_cocs14523jsre5ghagig,27,70,,,,
449,rec_cocs14523jsre5ghagj0,27,71,,,,
450,rec_cocs14523jsre5ghagjg,27,72,,,,
451,rec_cocs14523jsre5ghagk0,27,73,,,,
452,rec_cocs14523jsre5ghagkg,27,74,,,,
453,rec_cocs14523jsre5ghagl0,27,75,,,,
454,rec_cocs14523jsre5ghaglg,27,76,,,,
455,rec_cocs14523jsre5ghagm0,27,77,,,,
456,rec_cocs14523jsre5ghagmg,27,78,,,,
457,rec_cocs14523jsre5ghagn0,28,67,,,,
458,rec_cocs14523jsre5ghagng,28,68,,,,
459,rec_cocs14523jsre5ghago0,28,69,,,,
460,rec_cocs14523jsre5ghagog,28,70,,,,
461,rec_cocs14523jsre5ghagp0,28,71,,,,
462,rec_cocs14523jsre5ghagpg,28,72,,,,
463,rec_cocs14523jsre5ghagq0,28,73,,,,
464,rec_cocs14523jsre5ghagqg,28,74,,,,
465,rec_cocs14523jsre5ghagr0,28,75,,,,
466,rec_cocs14523jsre5ghagrg,28,76,,,,
467,rec_cocs14523jsre5ghags0,28,77,,,,
468,rec_cocs14523jsre5ghagsg,28,78,,,,
469,rec_cocs14523jsre5ghagt0,29,67,,,,
470,rec_cocs14523jsre5ghagtg,29,68,,,,
471,rec_cocs14523jsre5ghagu0,29,69,,,,
472,rec_cocs14523jsre5ghagug,29,70,,,,
473,rec_cocs14523jsre5ghagv0,29,71,,,,
474,rec_cocs14523jsre5ghagvg,29,72,,,,
475,rec_cocs14523jsre5ghah00,29,73,,,,
476,rec_cocs14523jsre5ghah0g,29,74,,,,
477,rec_cocs14523jsre5ghah10,29,75,,,,
478,rec_cocs14523jsre5ghah1g,29,76,,,,
479,rec_cocs14523jsre5ghah20,29,77,,,,
480,rec_cocs14523jsre5ghah2g,29,78,,,,
481,rec_cocs14523jsre5ghah30,30,67,,,,
482,rec_cocs14523jsre5ghah3g,30,68,,,,
483,rec_cocs14523jsre5ghah40,30,69,,,,
484,rec_cocs14523jsre5ghah4g,30,70,,,,
485,rec_cocs14523jsre5ghah50,30,71,,,,
486,rec_cocs14523jsre5ghah5g,30,72,,,,
487,rec_cocs14523jsre5ghah60,30,73,,,,
488,rec_cocs14523jsre5ghah6g,30,74,,,,
489,rec_cocs14523jsre5ghah70,30,75,,,,
490,rec_cocs14523jsre5ghah7g,30,76,,,,
491,rec_cocs14523jsre5ghah80,30,77,,,,
492,rec_cocs14523jsre5ghah8g,30,78,,,,
493,rec_cocs14523jsre5ghah90,31,67,,,,
494,rec_cocs14523jsre5ghah9g,31,68,,,,
495,rec_cocs14523jsre5ghaha0,31,69,,,,
496,rec_cocs14523jsre5ghahag,31,70,,,,
497,rec_cocs14523jsre5ghahb0,31,71,,,,
498,rec_cocs14523jsre5ghahbg,31,72,,,,
499,rec_cocs14523jsre5ghahc0,31,73,,,,
500,rec_cocs14523jsre5ghahcg,31,74,,,,
501,rec_cocs14523jsre5ghahd0,31,75,,,,
502,rec_cocs14523jsre5ghahdg,31,76,,,,
503,rec_cocs14523jsre5ghahe0,31,77,,,,
504,rec_cocs14523jsre5ghaheg,31,78,,,,
505,rec_cocs14523jsre5ghahf0,32,67,,,,
506,rec_cocs14523jsre5ghahfg,32,68,,,,
507,rec_cocs14523jsre5ghahg0,32,69,,,,
508,rec_cocs14523jsre5ghahgg,32,70,,,,
509,rec_cocs14523jsre5ghahh0,32,71,,,,
510,rec_cocs14523jsre5ghahhg,32,72,,,,
511,rec_cocs14523jsre5ghahi0,32,73,,,,
512,rec_cocs14523jsre5ghahig,32,74,,,,
513,rec_cocs14523jsre5ghahj0,32,75,,,,
514,rec_cocs14523jsre5ghahjg,32,76,,,,
515,rec_cocs14523jsre5ghahk0,32,77,,,,
516,rec_cocs14523jsre5ghahkg,32,78,,,,
517,rec_cocs14523jsre5ghahl0,33,67,,,,
518,rec_cocs14523jsre5ghahlg,33,68,,,,
519,rec_cocs14523jsre5ghahm0,33,69,,,,
520,rec_cocs14523jsre5ghahmg,33,70,,,,
521,rec_cocs14523jsre5ghahn0,33,71,,,,
522,rec_cocs14523jsre5ghahng,33,72,,,,
523,rec_cocs14523jsre5ghaho0,33,73,,,,
524,rec_cocs14523jsre5ghahog,33,74,,,,
525,rec_cocs14523jsre5ghahp0,33,75,,,,
526,rec_cocs14523jsre5ghahpg,33,76,,,,
527,rec_cocs14523jsre5ghahq0,33,77,,,,
528,rec_cocs14523jsre5ghahqg,33,78,,,,
529,rec_cocs14523jsre5ghahr0,34,67,,,,
530,rec_cocs14523jsre5ghahrg,34,68,,,,
531,rec_cocs14523jsre5ghahs0,34,69,,,,
532,rec_cocs14523jsre5ghahsg,34,70,,,,
533,rec_cocs14523jsre5ghaht0,34,71,,,,
534,rec_cocs14523jsre5ghahtg,34,72,,,,
535,rec_cocs14523jsre5ghahu0,34,73,,,,
536,rec_cocs14523jsre5ghahug,34,74,,,,
537,rec_cocs14523jsre5ghahv0,34,75,,,,
538,rec_cocs14523jsre5ghahvg,34,76,,,,
539,rec_cocs14523jsre5ghai00,34,77,,,,
540,rec_cocs14523jsre5ghai0g,34,78,,,,
541,rec_cocs14523jsre5ghai10,35,67,,,,
542,rec_cocs14523jsre5ghai1g,35,68,,,,
543,rec_cocs14523jsre5ghai20,35,69,,,,
544,rec_cocs14523jsre5ghai2g,35,70,,,,
545,rec_cocs14523jsre5ghai30,35,71,,,,
546,rec_cocs14523jsre5ghai3g,35,72,,,,
547,rec_cocs14523jsre5ghai40,35,73,,,,
548,rec_cocs14523jsre5ghai4g,35,74,,,,
549,rec_cocs14523jsre5ghai50,35,75,,,,
550,rec_cocs14523jsre5ghai5g,35,76,,,,
551,rec_cocs14523jsre5ghai60,35,77,,,,
552,rec_cocs14523jsre5ghai6g,35,78,,,,
553,rec_cocs14523jsre5ghai70,36,67,,,,
554,rec_cocs14523jsre5ghai7g,36,68,,,,
555,rec_cocs14523jsre5ghai80,36,69,,,,
556,rec_cocs14523jsre5ghai8g,36,70,,,,
557,rec_cocs14523jsre5ghai90,36,71,,,,
558,rec_cocs14523jsre5ghai9g,36,72,,,,
559,rec_cocs14523jsre5ghaia0,36,73,,,,
560,rec_cocs14523jsre5ghaiag,36,74,,,,
561,rec_cocs14523jsre5ghaib0,36,75,,,,
562,rec_cocs14523jsre5ghaibg,36,76,,,,
563,rec_cocs14523jsre5ghaic0,36,77,,,,
564,rec_cocs14523jsre5ghaicg,36,78,,,,
565,rec_cocs14523jsre5ghaid0,37,67,,,,
566,rec_cocs14523jsre5ghaidg,37,68,,,,
567,rec_cocs14523jsre5ghaie0,37,69,,,,
568,rec_cocs14523jsre5ghaieg,37,70,,,,
569,rec_cocs14523jsre5ghaif0,37,71,,,,
570,rec_cocs14523jsre5ghaifg,37,72,,,,
571,rec_cocs14523jsre5ghaig0,37,73,,,,
572,rec_cocs14523jsre5ghaigg,37,74,,,,
573,rec_cocs14523jsre5ghaih0,37,75,,,,
574,rec_cocs14523jsre5ghaihg,37,76,,,,
575,rec_cocs14523jsre5ghaii0,37,77,,,,
576,rec_cocs14523jsre5ghaiig,37,78,,,,
577,rec_cocs14523jsre5ghaij0,38,67,,,,
578,rec_cocs14523jsre5ghaijg,38,68,,,,
579,rec_cocs14523jsre5ghaik0,38,69,,,,
580,rec_cocs14523jsre5ghaikg,38,70,,,,
581,rec_cocs14523jsre5ghail0,38,71,,,,
582,rec_cocs14523jsre5ghailg,38,72,,,,
583,rec_cocs14523jsre5ghaim0,38,73,,,,
584,rec_cocs14523jsre5ghaimg,38,74,,,,
585,rec_cocs14523jsre5ghain0,38,75,,,,
586,rec_cocs14523jsre5ghaing,38,76,,,,
587,rec_cocs14523jsre5ghaio0,38,77,,,,
588,rec_cocs14523jsre5ghaiog,38,78,,,,
589,rec_cocs14523jsre5ghaip0,39,67,,,,
590,rec_cocs14523jsre5ghaipg,39,68,,,,
591,rec_cocs14523jsre5ghaiq0,39,69,,,,
592,rec_cocs14523jsre5ghaiqg,39,70,,,,
593,rec_cocs14523jsre5ghair0,39,71,,,,
594,rec_cocs14523jsre5ghairg,39,72,,,,
595,rec_cocs14523jsre5ghais0,39,73,,,,
596,rec_cocs14523jsre5ghaisg,39,74,,,,
597,rec_cocs14523jsre5ghait0,39,75,,,,
598,rec_cocs14523jsre5ghaitg,39,76,,,,
599,rec_cocs14523jsre5ghaiu0,39,77,,,,
600,rec_cocs14523jsre5ghaiug,39,78,,,,
601,rec_cocs14523jsre5ghaiv0,40,67,,,,
602,rec_cocs14523jsre5ghaivg,40,68,,,,
603,rec_cocs14523jsre5ghaj00,40,69,,,,
604,rec_cocs14523jsre5ghaj0g,40,70,,,,
605,rec_cocs14523jsre5ghaj10,40,71,,,,
606,rec_cocs14523jsre5ghaj1g,40,72,,,,
607,rec_cocs14523jsre5ghaj20,40,73,,,,
608,rec_cocs14523jsre5ghaj2g,40,74,,,,
609,rec_cocs14523jsre5ghaj30,40,75,,,,
610,rec_cocs14523jsre5ghaj3g,40,76,,,,
611,rec_cocs14523jsre5ghaj40,40,77,,,,
612,rec_cocs14523jsre5ghaj4g,40,78,,,,
613,rec_cocs14523jsre5ghaj50,41,67,,,,
614,rec_cocs14523jsre5ghaj5g,41,68,,,,
615,rec_cocs14523jsre5ghaj60,41,69,,,,
616,rec_cocs14523jsre5ghaj6g,41,70,,,,
617,rec_cocs14523jsre5ghaj70,41,71,,,,
618,rec_cocs14523jsre5ghaj7g,41,72,,,,
619,rec_cocs14523jsre5ghaj80,41,73,,,,
620,rec_cocs14523jsre5ghaj8g,41,74,,,,
621,rec_cocs14523jsre5ghaj90,41,75,,,,
622,rec_cocs14523jsre5ghaj9g,41,76,,,,
623,rec_cocs14523jsre5ghaja0,41,77,,,,
624,rec_cocs14523jsre5ghajag,41,78,,,,
625,rec_cocs14523jsre5ghajb0,42,67,,,,
626,rec_cocs14523jsre5ghajbg,42,68,,,,
627,rec_cocs14523jsre5ghajc0,42,69,,,,
628,rec_cocs14523jsre5ghajcg,42,70,,,,
629,rec_cocs14523jsre5ghajd0,42,71,,,,
630,rec_cocs14523jsre5ghajdg,42,72,,,,
631,rec_cocs14523jsre5ghaje0,42,73,,,,
632,rec_cocs14523jsre5ghajeg,42,74,,,,
633,rec_cocs14523jsre5ghajf0,42,75,,,,
634,rec_cocs14523jsre5ghajfg,42,76,,,,
635,rec_cocs14523jsre5ghajg0,42,77,,,,
636,rec_cocs14523jsre5ghajgg,42,78,,,,
637,rec_cocs14523jsre5ghajh0,43,67,,,,
638,rec_cocs14523jsre5ghajhg,43,68,,,,
639,rec_cocs14523jsre5ghaji0,43,69,,,,
640,rec_cocs14523jsre5ghajig,43,70,,,,
641,rec_cocs14523jsre5ghajj0,43,71,,,,
642,rec_cocs14523jsre5ghajjg,43,72,,,,
643,rec_cocs14523jsre5ghajk0,43,73,,,,
644,rec_cocs14523jsre5ghajkg,43,74,,,,
645,rec_cocs14523jsre5ghajl0,43,75,,,,
646,rec_cocs14523jsre5ghajlg,43,76,,,,
647,rec_cocs14523jsre5ghajm0,43,77,,,,
648,rec_cocs14523jsre5ghajmg,43,78,,,,
649,rec_cocs14523jsre5ghajn0,44,67,,,,
650,rec_cocs14523jsre5ghajng,44,68,,,,
651,rec_cocs14523jsre5ghajo0,44,69,,,,
652,rec_cocs14523jsre5ghajog,44,70,,,,
653,rec_cocs14523jsre5ghajp0,44,71,,,,
654,rec_cocs14523jsre5ghajpg,44,72,,,,
655,rec_cocs14523jsre5ghajq0,44,73,,,,
656,rec_cocs14523jsre5ghajqg,44,74,,,,
657,rec_cocs14523jsre5ghajr0,44,75,,,,
658,rec_cocs14523jsre5ghajrg,44,76,,,,
659,rec_cocs14523jsre5ghajs0,44,77,,,,
660,rec_cocs14523jsre5ghajsg,44,78,,,,
661,rec_cocs14523jsre5ghajt0,45,67,,,,
662,rec_cocs14523jsre5ghajtg,45,68,,,,
663,rec_cocs14523jsre5ghaju0,45,69,,,,
664,rec_cocs14523jsre5ghajug,45,70,,,,
665,rec_cocs14523jsre5ghajv0,45,71,,,,
666,rec_cocs14523jsre5ghajvg,45,72,,,,
667,rec_cocs14523jsre5ghak00,45,73,,,,
668,rec_cocs14523jsre5ghak0g,45,74,,,,
669,rec_cocs14523jsre5ghak10,45,75,,,,
670,rec_cocs14523jsre5ghak1g,45,76,,,,
671,rec_cocs14523jsre5ghak20,45,77,,,,
672,rec_cocs14523jsre5ghak2g,45,78,,,,
673,rec_cocs14523jsre5ghak30,47,67,,,,
674,rec_cocs14523jsre5ghak3g,47,68,,,,
675,rec_cocs14523jsre5ghak40,47,69,,,,
676,rec_cocs14523jsre5ghak4g,47,70,,,,
677,rec_cocs14523jsre5ghak50,47,71,,,,
678,rec_cocs14523jsre5ghak5g,47,72,,,,
679,rec_cocs14523jsre5ghak60,47,73,,,,
680,rec_cocs14523jsre5ghak6g,47,74,,,,
681,rec_cocs14523jsre5ghak70,47,75,,,,
682,rec_cocs14523jsre5ghak7g,47,76,,,,
683,rec_cocs14523jsre5ghak80,47,77,,,,
684,rec_cocs14523jsre5ghak8g,47,78,,,,
685,rec_cocs14523jsre5ghak90,46,67,,,,
686,rec_cocs14523jsre5ghak9g,46,68,,,,
687,rec_cocs14523jsre5ghaka0,46,69,,,,
688,rec_cocs14523jsre5ghakag,46,70,,,,
689,rec_cocs14523jsre5ghakb0,46,71,,,,
690,rec_cocs14523jsre5ghakbg,46,72,,,,
691,rec_cocs14523jsre5ghakc0,46,73,,,,
692,rec_cocs14523jsre5ghakcg,46,74,,,,
693,rec_cocs14523jsre5ghakd0,46,75,,,,
694,rec_cocs14523jsre5ghakdg,46,76,,,,
695,rec_cocs14523jsre5ghake0,46,77,,,,
696,rec_cocs14523jsre5ghakeg,46,78,,,,
697,rec_cocs14523jsre5ghakf0,56,67,,,,
698,rec_cocs14523jsre5ghakfg,56,68,,,,
699,rec_cocs14523jsre5ghakg0,56,69,,,,
700,rec_cocs14523jsre5ghakgg,56,70,,,,
701,rec_cocs14523jsre5ghakh0,56,71,,,,
702,rec_cocs14523jsre5ghakhg,56,72,,,,
703,rec_cocs14523jsre5ghaki0,56,73,,,,
704,rec_cocs14523jsre5ghakig,56,74,,,,
705,rec_cocs14523jsre5ghakj0,56,75,,,,
706,rec_cocs14523jsre5ghakjg,56,76,,,,
707,rec_cocs14523jsre5ghakk0,56,77,,,,
708,rec_cocs14523jsre5ghakkg,56,78,,,,
709,rec_cocs14523jsre5ghakl0,48,67,,,,
710,rec_cocs14523jsre5ghaklg,48,68,,,,
711,rec_cocs14523jsre5ghakm0,48,69,,,,
712,rec_cocs14523jsre5ghakmg,48,70,,,,
713,rec_cocs14523jsre5ghakn0,48,71,,,,
714,rec_cocs14523jsre5ghakng,48,72,,,,
715,rec_cocs14523jsre5ghako0,48,73,,,,
716,rec_cocs14523jsre5ghakog,48,74,,,,
717,rec_cocs14523jsre5ghakp0,48,75,,,,
718,rec_cocs14523jsre5ghakpg,48,76,,,,
719,rec_cocs14523jsre5ghakq0,48,77,,,,
720,rec_cocs14523jsre5ghakqg,48,78,,,,
721,rec_cocs14523jsre5ghakr0,49,67,,,,
722,rec_cocs14523jsre5ghakrg,49,68,,,,
723,rec_cocs14523jsre5ghaks0,49,69,,,,
724,rec_cocs14523jsre5ghaksg,49,70,,,,
725,rec_cocs14523jsre5ghakt0,49,71,,,,
726,rec_cocs14523jsre5ghaktg,49,72,,,,
727,rec_cocs14523jsre5ghaku0,49,73,,,,
728,rec_cocs14523jsre5ghakug,49,74,,,,
729,rec_cocs14523jsre5ghakv0,49,75,,,,
730,rec_cocs14523jsre5ghakvg,49,76,,,,
731,rec_cocs14523jsre5ghal00,49,77,,,,
732,rec_cocs14523jsre5ghal0g,49,78,,,,
733,rec_cor06j4tgl04ngb6habg,61,81,,,,
734,rec_cor0a00oepqha1jsmgp0,48,82,,,,
735,rec_cp2a2lvvvv266bunm6kg,15,67,,,,
736,rec_cq5bi6j29bhdoikd5br0,40,86,,,,
737,rec_cqf25hv206kua2cork00,16,88,,,,
738,rec_cqf25vv206kua2cork0g,40,88,,,,
739,rec_cqmo48be3sl710hq3gj0,78,92,,,,
740,rec_cra62l75feplfgqrs96g,83,96,,,,
741,rec_crgvsi3qt64cbg13nb9g,1,99,,,,
742,rec_crgvsmjqt64cbg13nbag,8,99,,,,
743,rec_crgvt26245qevvuiensg,6,99,,,,
744,rec_crgvtgbqt64cbg13nbbg,49,98,,,,
